IN_DATA_x,FAC_ID,OWN_ID,UNIT_ID,REGIME,U_CAP,U_SUM_HR,U_AGE,U_SUM_CF,PRE_RET_MNEMI,D_SCR,D_SNCR,D_LN,D_CM,D_NO,C_CM,C_NONE,C_LN,C_SC,C_SN,REG_x,PUB_x,UNREG_x,REG_y,PUB_y,UNREG_y,IN_DATA_y,MW_04,PRE_MW,CM_MW,LN_MW,SN_MW,SC_MW
1,2,27.0,1,2,723.0,10494.35,27.0,82.65517,0.5750828,1,0,0,0,0,0.0,0.0,0.0,723.0,0.0,1.0,0.0,0.0,1,0,0,1,2410405.0,2181449.0,0.0,0.0,0.0,2181449.0
1,2,27.0,2,2,110.0,12624.17,48.0,74.5,0.8815092,0,0,1,0,0,0.0,0.0,110.0,0.0,0.0,1.0,0.0,0.0,1,0,0,1,210173.5,281593.8,0.0,281593.8,0.0,0.0
1,2,27.0,3,2,111.0,12019.58,47.0,71.03333,0.8976758,0,0,1,0,0,0.0,0.0,111.0,0.0,0.0,1.0,0.0,0.0,1,0,0,1,296818.2,273881.4,0.0,273881.4,0.0,0.0
1,2,27.0,4,2,167.0,10943.04,43.0,81.62069,0.5332371,0,0,1,0,0,0.0,0.0,167.0,0.0,0.0,1.0,0.0,0.0,1,0,0,1,509864.4,425509.3,0.0,425509.3,0.0,0.0
1,2,27.0,5,2,177.0,10311.67,41.0,80.93333,0.4026262,0,0,0,0,1,0.0,177.0,0.0,0.0,0.0,1.0,0.0,0.0,1,0,0,1,535550.0,438007.9,0.0,0.0,0.0,0.0
1,3,27.0,1,2,262.0,10310.87,34.0,88.79311,0.6777105,0,0,0,1,0,262.0,0.0,0.0,0.0,0.0,1.0,0.0,0.0,1,0,0,1,791490.7,805931.9,0.0,0.0,0.0,0.0
1,3,27.0,2,2,255.0,11126.67,33.0,82.53333,0.4206657,0,0,1,0,0,0.0,0.0,255.0,0.0,0.0,1.0,0.0,0.0,1,0,0,1,685774.2,787018.4,0.0,787018.4,0.0,0.0
1,4,30.0,1,2,254.0,10717.5,39.0,76.86207,0.4625004,0,0,0,1,0,254.0,0.0,0.0,0.0,0.0,1.0,0.0,0.0,1,0,0,1,736947.8,691742.6,0.0,0.0,0.0,0.0
1,4,30.0,2,2,259.0,10940.0,39.0,81.03448,0.4620285,0,0,0,0,1,0.0,259.0,0.0,0.0,0.0,1.0,0.0,0.0,1,0,0,1,742525.8,746623.9,0.0,0.0,0.0,0.0
1,4,30.0,3,2,260.0,10547.5,38.0,88.86667,0.4485684,0,0,0,0,1,0.0,260.0,0.0,0.0,0.0,1.0,0.0,0.0,1,0,0,1,764363.0,824709.4,0.0,0.0,0.0,0.0
1,4,30.0,4,2,256.0,10532.08,37.0,81.43333,0.4488035,0,0,0,0,1,0.0,256.0,0.0,0.0,0.0,1.0,0.0,0.0,1,0,0,1,683997.3,735901.6,0.0,0.0,0.0,0.0
1,4,30.0,5,2,861.0,10345.42,25.0,81.46667,0.4421638,1,0,0,0,0,0.0,0.0,0.0,861.0,0.0,1.0,0.0,0.0,1,0,0,1,2483727.0,2703186.0,0.0,0.0,0.0,2703186.0
1,5,53.0,1,3,178.0,11282.92,44.0,67.56667,0.4359311,1,0,0,0,0,0.0,0.0,0.0,178.0,0.0,0.0,1.0,0.0,0,1,0,1,503988.3,458659.9,0.0,0.0,0.0,458659.9
1,5,53.0,2,3,178.0,11260.87,44.0,70.20689,0.4360048,1,0,0,0,0,0.0,0.0,0.0,178.0,0.0,0.0,1.0,0.0,0,1,0,1,489415.0,450523.9,0.0,0.0,0.0,450523.9
1,5,53.0,3,3,178.0,11399.58,44.0,65.33334,0.4355218,1,0,0,0,0,0.0,0.0,0.0,178.0,0.0,0.0,1.0,0.0,0,1,0,1,487026.8,458489.3,0.0,0.0,0.0,458489.3
1,5,53.0,4,3,178.0,11382.5,44.0,67.3,0.4360048,1,0,0,0,0,0.0,0.0,0.0,178.0,0.0,0.0,1.0,0.0,0,1,0,1,489552.3,448632.6,0.0,0.0,0.0,448632.6
1,5,53.0,5,3,461.0,10387.92,34.0,70.56667,0.3829144,1,0,0,0,0,0.0,0.0,0.0,461.0,0.0,0.0,1.0,0.0,0,1,0,1,1313095.0,1328889.0,0.0,0.0,0.0,1328889.0
1,6,53.0,1,3,111.0,13611.74,47.0,57.86207,0.7109622,0,0,0,1,0,111.0,0.0,0.0,0.0,0.0,0.0,1.0,0.0,0,1,0,1,278003.0,275335.4,275335.4,0.0,0.0,0.0
1,6,53.0,2,3,111.0,13739.17,47.0,63.06667,0.7188597,0,0,0,0,1,0.0,111.0,0.0,0.0,0.0,0.0,1.0,0.0,0,1,0,1,168397.0,277428.3,0.0,0.0,0.0,0.0
1,6,53.0,3,3,111.0,13706.67,47.0,60.36666,0.7076429,0,0,1,0,0,0.0,0.0,111.0,0.0,0.0,0.0,1.0,0.0,0,1,0,1,301079.3,308636.3,0.0,308636.3,0.0,0.0
1,6,53.0,4,3,111.0,14210.0,46.0,58.13334,0.7242322,0,0,1,0,0,0.0,0.0,111.0,0.0,0.0,0.0,1.0,0.0,0,1,0,1,271939.9,269032.3,0.0,269032.3,0.0,0.0
1,6,53.0,5,3,111.0,13768.33,45.0,58.93333,0.7068006,0,0,0,1,0,111.0,0.0,0.0,0.0,0.0,0.0,1.0,0.0,0,1,0,1,248842.5,262392.9,262392.9,0.0,0.0,0.0
1,6,53.0,6,3,111.0,13796.25,45.0,66.56667,0.7220687,0,0,1,0,0,0.0,0.0,111.0,0.0,0.0,0.0,1.0,0.0,0,1,0,1,259921.9,275457.3,0.0,275457.3,0.0,0.0
1,6,53.0,7,3,475.0,10953.91,38.0,66.21429,0.3591889,1,0,0,0,0,0.0,0.0,0.0,475.0,0.0,0.0,1.0,0.0,0,1,0,1,994154.8,1086308.0,0.0,0.0,0.0,1086308.0
1,6,53.0,8,3,467.0,11289.57,34.0,68.48276,0.420637,1,0,0,0,0,0.0,0.0,0.0,467.0,0.0,0.0,1.0,0.0,0,1,0,1,1340596.0,1284374.0,0.0,0.0,0.0,1284374.0
1,7,41.0,1,3,620.0,10022.92,4.0,75.53333,0.2892438,1,0,0,0,0,0.0,0.0,0.0,620.0,0.0,0.0,1.0,0.0,0,1,0,1,1809892.0,1785401.0,0.0,0.0,0.0,1785401.0
1,7,41.0,2,3,540.0,10606.09,15.0,84.20689,0.3782729,1,0,0,0,0,0.0,0.0,0.0,540.0,0.0,0.0,1.0,0.0,0,1,0,1,1818647.0,1786341.0,0.0,0.0,0.0,1786341.0
1,8,65.0,1,1,518.0,11762.08,34.0,62.53333,0.3992778,0,0,1,0,0,0.0,0.0,518.0,0.0,0.0,0.0,0.0,1.0,0,0,1,1,1208398.0,1254520.0,0.0,1254520.0,0.0,0.0
1,8,65.0,3,1,518.0,10970.83,33.0,63.73333,0.4013819,0,0,1,0,0,0.0,0.0,518.0,0.0,0.0,0.0,0.0,1.0,0,0,1,1,1521637.0,1219248.0,0.0,1219248.0,0.0,0.0
1,9,nan,1,1,372.2,11065.0,31.0,54.19231,0.2479878,0,0,0,0,1,0.0,372.2,0.0,0.0,0.0,0.0,0.0,1.0,0,0,1,1,1134538.0,838387.4,0.0,0.0,0.0,0.0
1,10,66.0,1,1,86.0,14259.57,45.0,56.17857,0.2437029,0,0,0,0,1,0.0,86.0,0.0,0.0,0.0,0.0,0.0,1.0,0,0,1,1,182704.6,183626.5,0.0,0.0,0.0,0.0
1,10,66.0,2,1,174.0,11243.33,33.0,58.3,0.2309287,0,1,0,0,0,0.0,0.0,0.0,0.0,174.0,0.0,0.0,1.0,0,0,1,1,414148.5,418260.2,0.0,0.0,418260.2,0.0
1,11,46.0,1,1,91.0,12435.42,42.0,48.36666,0.4108257,0,0,0,0,1,0.0,91.0,0.0,0.0,0.0,0.0,0.0,1.0,0,0,1,1,180679.9,132413.4,0.0,0.0,0.0,0.0
1,11,46.0,2,1,91.0,13486.67,40.0,49.56667,0.3500428,0,0,0,0,1,0.0,91.0,0.0,0.0,0.0,0.0,0.0,1.0,0,0,1,1,151310.7,145894.8,0.0,0.0,0.0,0.0
1,11,46.0,3,1,165.0,10447.06,29.0,46.69565,0.3791341,0,1,0,0,0,0.0,0.0,0.0,0.0,165.0,0.0,0.0,1.0,0,0,1,1,361888.3,245069.0,0.0,0.0,245069.0,0.0
1,11,46.0,4,1,420.0,13562.61,19.0,35.10345,0.3634246,0,1,0,0,0,0.0,0.0,0.0,0.0,420.0,0.0,0.0,1.0,0,0,1,1,653619.8,577040.6,0.0,0.0,577040.6,0.0
1,12,70.0,1,1,643.0,10927.92,15.0,79.83334,0.4119762,1,0,0,0,0,0.0,0.0,0.0,643.0,0.0,0.0,0.0,1.0,0,0,1,1,1803694.0,1718691.0,0.0,0.0,0.0,1718691.0
1,12,70.0,2,1,643.0,11430.45,8.0,75.42857,0.3990969,1,0,0,0,0,0.0,0.0,0.0,643.0,0.0,0.0,0.0,1.0,0,0,1,1,1889877.0,1813353.0,0.0,0.0,0.0,1813353.0
1,13,16.0,1,2,117.0,11439.57,39.0,56.7931,0.4370632,0,0,0,0,1,0.0,117.0,0.0,0.0,0.0,1.0,0.0,0.0,1,0,0,1,195061.4,202625.1,0.0,0.0,0.0,0.0
1,13,16.0,2,2,262.0,10321.25,31.0,68.8,0.4336576,0,0,0,0,1,0.0,262.0,0.0,0.0,0.0,1.0,0.0,0.0,1,0,0,1,652070.4,661853.0,0.0,0.0,0.0,0.0
1,13,16.0,3,2,361.0,10865.22,27.0,61.96552,0.5007042,1,0,0,0,0,0.0,0.0,0.0,361.0,0.0,1.0,0.0,0.0,1,0,0,1,978612.1,892818.6,0.0,0.0,0.0,892818.6
1,14,67.0,1,1,340.0,11335.45,34.0,51.67857,1.048197,1,0,0,0,0,0.0,0.0,0.0,340.0,0.0,0.0,0.0,1.0,0,0,1,1,1011223.0,896496.5,0.0,0.0,0.0,896496.5
1,14,67.0,2,1,560.0,11068.7,27.0,58.55172,1.037468,1,0,0,0,0,0.0,0.0,0.0,560.0,0.0,0.0,0.0,1.0,0,0,1,1,1659887.0,1559036.0,0.0,0.0,0.0,1559036.0
1,15,67.0,1,1,76.0,11835.65,46.0,40.72414,0.5090244,0,0,0,0,1,0.0,76.0,0.0,0.0,0.0,0.0,0.0,1.0,0,0,1,1,145932.3,137851.2,0.0,0.0,0.0,0.0
1,15,67.0,2,1,77.0,11962.17,45.0,40.48276,0.5050054,0,0,0,0,1,0.0,77.0,0.0,0.0,0.0,0.0,0.0,1.0,0,0,1,1,145993.4,143119.4,0.0,0.0,0.0,0.0
1,16,67.0,1,1,62.0,13603.75,51.0,30.43333,0.461514,0,0,0,0,1,0.0,62.0,0.0,0.0,0.0,0.0,0.0,1.0,0,0,1,1,51342.63,77869.44,0.0,0.0,0.0,0.0
1,16,67.0,2,1,62.0,13603.75,51.0,30.43333,0.4760759,0,0,0,0,1,0.0,62.0,0.0,0.0,0.0,0.0,0.0,1.0,0,0,1,1,57830.35,79553.91,0.0,0.0,0.0,0.0
1,16,67.0,5,1,215.0,13940.83,39.0,47.55172,0.5077592,0,0,0,0,1,0.0,215.0,0.0,0.0,0.0,0.0,0.0,1.0,0,0,1,1,486510.0,415128.2,0.0,0.0,0.0,0.0
1,17,65.0,1,1,213.0,11993.75,41.0,52.83333,0.3070496,0,0,1,0,0,0.0,0.0,213.0,0.0,0.0,0.0,0.0,1.0,0,0,1,1,437430.5,445698.5,0.0,445698.5,0.0,0.0
1,17,65.0,2,1,319.0,11790.43,38.0,51.72414,0.3860101,0,0,1,0,0,0.0,0.0,319.0,0.0,0.0,0.0,0.0,1.0,0,0,1,1,774866.2,664727.8,0.0,664727.8,0.0,0.0
1,18,65.0,1,1,314.0,23724.35,40.0,51.5,0.8450449,0,0,0,1,0,314.0,0.0,0.0,0.0,0.0,0.0,0.0,1.0,0,0,1,1,653777.0,549475.1,0.0,0.0,0.0,0.0
1,19,63.0,1,1,584.0,13306.82,32.0,51.92857,0.5806915,1,0,0,0,0,0.0,0.0,0.0,584.0,0.0,0.0,0.0,1.0,0,0,1,1,1522734.0,1291602.0,0.0,0.0,0.0,1291602.0
1,19,63.0,2,1,584.0,12636.96,31.0,55.0,1.198587,1,0,0,0,0,0.0,0.0,0.0,584.0,0.0,0.0,0.0,1.0,0,0,1,1,1592940.0,1317730.0,0.0,0.0,0.0,1317730.0
1,20,78.0,1,1,769.0,27877.5,27.0,59.31034,0.7752445,0,0,0,1,0,769.0,0.0,0.0,0.0,0.0,0.0,0.0,1.0,0,0,1,1,2026152.0,1839985.0,0.0,0.0,0.0,0.0
1,20,78.0,3,1,769.0,12652.08,24.0,59.96667,0.7752445,0,0,0,1,0,769.0,0.0,0.0,0.0,0.0,0.0,0.0,1.0,0,0,1,1,1490140.0,1772131.0,0.0,0.0,0.0,0.0
1,21,65.0,1,1,100.0,13018.18,47.0,58.25,0.6640334,0,0,0,1,0,100.0,0.0,0.0,0.0,0.0,0.0,0.0,1.0,0,0,1,1,166613.9,189266.9,0.0,0.0,0.0,0.0
1,21,65.0,2,1,328.0,10996.96,41.0,70.89655,0.2927869,0,0,1,0,0,0.0,0.0,328.0,0.0,0.0,0.0,0.0,1.0,0,0,1,1,953578.4,857168.5,0.0,857168.5,0.0,0.0
1,21,65.0,3,1,361.0,10743.04,37.0,69.75862,0.4001333,0,0,1,0,0,0.0,0.0,361.0,0.0,0.0,0.0,0.0,1.0,0,0,1,1,836694.3,832806.3,0.0,832806.3,0.0,0.0
1,22,65.0,3,1,251.0,12862.61,42.0,62.64286,0.3562293,0,0,1,0,0,0.0,0.0,251.0,0.0,0.0,0.0,0.0,1.0,0,0,1,1,656790.6,533846.6,0.0,533846.6,0.0,0.0
1,22,65.0,4,1,510.0,10670.0,36.0,49.0,0.3150543,0,0,1,0,0,0.0,0.0,510.0,0.0,0.0,0.0,0.0,1.0,0,0,1,1,1199564.0,1173582.0,0.0,1173582.0,0.0,0.0
1,23,77.0,1,1,326.0,11798.7,40.0,51.62069,0.3650722,0,0,1,0,0,0.0,0.0,326.0,0.0,0.0,0.0,0.0,1.0,0,0,1,1,700436.3,647498.4,0.0,647498.4,0.0,0.0
1,24,17.0,1,1,169.0,11483.75,46.0,95.03448,0.1812434,0,0,0,0,1,0.0,169.0,0.0,0.0,0.0,0.0,0.0,1.0,0,0,1,1,597735.4,571150.8,0.0,0.0,0.0,0.0
1,24,17.0,2,1,169.0,11440.42,46.0,96.23333,0.1808639,0,0,0,0,1,0.0,169.0,0.0,0.0,0.0,0.0,0.0,1.0,0,0,1,1,595498.1,561718.5,0.0,0.0,0.0,0.0
1,24,17.0,3,1,169.0,11526.09,45.0,92.82758,0.1713013,0,0,0,0,1,0.0,169.0,0.0,0.0,0.0,0.0,0.0,1.0,0,0,1,1,573981.7,551724.6,0.0,0.0,0.0,0.0
1,24,17.0,4,1,169.0,11479.17,45.0,94.68965,0.1721143,0,0,0,0,1,0.0,169.0,0.0,0.0,0.0,0.0,0.0,1.0,0,0,1,1,585358.8,570995.1,0.0,0.0,0.0,0.0
1,24,17.0,5,1,169.0,11736.67,44.0,95.5,0.1795126,0,0,0,0,1,0.0,169.0,0.0,0.0,0.0,0.0,0.0,1.0,0,0,1,1,577007.6,582276.9,0.0,0.0,0.0,0.0
1,24,17.0,6,1,169.0,11661.25,44.0,91.79311,0.1801762,0,0,0,0,1,0.0,169.0,0.0,0.0,0.0,0.0,0.0,1.0,0,0,1,1,597172.2,584563.2,0.0,0.0,0.0,0.0
1,25,48.0,1,1,583.0,10097.39,29.0,75.27586,0.5897127,1,0,0,0,0,0.0,0.0,0.0,583.0,0.0,0.0,0.0,1.0,0,0,1,1,1898550.0,1823954.0,0.0,0.0,0.0,1823954.0
1,25,48.0,2,1,583.0,10122.08,26.0,78.4,0.6883695,1,0,0,0,0,0.0,0.0,0.0,583.0,0.0,0.0,0.0,1.0,0,0,1,1,1943584.0,1844711.0,0.0,0.0,0.0,1844711.0
1,25,48.0,3,1,595.0,10795.65,24.0,75.55173,0.2017389,1,0,0,0,0,0.0,0.0,0.0,595.0,0.0,0.0,0.0,1.0,0,0,1,1,1967227.0,1847407.0,0.0,0.0,0.0,1847407.0
1,26,48.0,1,1,445.0,10584.58,21.0,60.63334,0.390074,1,0,0,0,0,0.0,0.0,0.0,445.0,0.0,0.0,0.0,1.0,0,0,1,1,709749.3,1063055.0,0.0,0.0,0.0,1063055.0
1,27,48.0,1,1,74.0,10670.42,46.0,55.23333,0.5071284,0,0,0,1,0,74.0,0.0,0.0,0.0,0.0,0.0,0.0,1.0,0,0,1,1,171280.4,173779.8,173779.8,0.0,0.0,0.0
1,27,48.0,2,1,215.0,11314.58,40.0,64.06667,0.5416945,0,0,1,0,0,0.0,0.0,215.0,0.0,0.0,0.0,0.0,1.0,0,0,1,1,597643.9,613560.1,0.0,613560.1,0.0,0.0
1,28,48.0,1,1,76.0,10983.33,44.0,57.66667,0.4239781,0,0,0,1,0,76.0,0.0,0.0,0.0,0.0,0.0,0.0,1.0,0,0,1,1,144974.9,186223.6,186223.6,0.0,0.0,0.0
1,28,48.0,2,1,105.0,10991.25,43.0,60.06667,0.4154806,0,0,0,0,1,0.0,105.0,0.0,0.0,0.0,0.0,0.0,1.0,0,0,1,1,183402.7,230351.3,0.0,0.0,0.0,0.0
1,29,48.0,1,1,96.0,11287.08,45.0,61.56667,0.5576641,0,0,1,0,0,0.0,0.0,96.0,0.0,0.0,0.0,0.0,1.0,0,0,1,1,245690.3,241593.6,0.0,241593.6,0.0,0.0
1,29,48.0,2,1,362.0,10356.25,35.0,55.23333,0.4898505,0,0,1,0,0,0.0,0.0,362.0,0.0,0.0,0.0,0.0,1.0,0,0,1,1,750904.2,903962.5,0.0,903962.5,0.0,0.0
1,30,44.0,1,3,86.0,12290.0,31.0,51.93103,1.092445,1,0,0,0,0,0.0,0.0,0.0,86.0,0.0,0.0,1.0,0.0,0,1,0,1,190288.9,175743.4,0.0,0.0,0.0,175743.4
1,30,44.0,2,3,87.0,12512.61,27.0,54.27586,1.056853,1,0,0,0,0,0.0,0.0,0.0,87.0,0.0,0.0,1.0,0.0,0,1,0,1,189931.8,174723.0,0.0,0.0,0.0,174723.0
1,30,44.0,3,3,199.0,12460.42,21.0,63.6,0.3777637,1,0,0,0,0,0.0,0.0,0.0,199.0,0.0,0.0,1.0,0.0,0,1,0,1,498798.2,489286.7,0.0,0.0,0.0,489286.7
1,31,44.0,2,3,39.7,13734.09,34.0,56.14815,0.8194731,0,0,0,0,1,0.0,39.7,0.0,0.0,0.0,0.0,1.0,0.0,0,1,0,1,12221.51,50380.89,0.0,0.0,0.0,0.0
1,32,39.0,1,3,34.0,15065.22,36.0,33.55172,0.8792607,0,0,0,0,1,0.0,34.0,0.0,0.0,0.0,0.0,1.0,0.0,0,1,0,1,112618.9,16881.61,0.0,0.0,0.0,0.0
1,32,39.0,2,3,34.0,15167.08,36.0,27.55556,0.76324,0,0,0,0,1,0.0,34.0,0.0,0.0,0.0,0.0,1.0,0.0,0,1,0,1,113489.9,23233.59,0.0,0.0,0.0,0.0
1,32,39.0,3,3,34.0,15321.3,36.0,35.58621,0.9715129,0,0,0,0,1,0.0,34.0,0.0,0.0,0.0,0.0,1.0,0.0,0,1,0,1,110669.0,17347.03,0.0,0.0,0.0,0.0
1,32,39.0,4,3,170.0,13548.33,21.0,72.37931,0.8641859,1,0,0,0,0,0.0,0.0,0.0,170.0,0.0,0.0,1.0,0.0,0,1,0,1,476004.5,444797.4,0.0,0.0,0.0,444797.4
1,33,47.0,1,2,197.0,12222.78,44.0,63.79167,0.2086656,0,0,0,0,1,0.0,197.0,0.0,0.0,0.0,1.0,0.0,0.0,1,0,0,1,438188.5,480770.5,0.0,0.0,0.0,0.0
1,33,47.0,2,2,318.0,11108.5,37.0,58.46154,0.8318389,0,0,0,1,0,318.0,0.0,0.0,0.0,0.0,1.0,0.0,0.0,1,0,0,1,824550.8,752349.3,0.0,0.0,0.0,0.0
1,34,51.0,1,2,207.0,10658.33,44.0,79.0,0.6401423,1,0,0,0,0,0.0,0.0,0.0,207.0,0.0,1.0,0.0,0.0,1,0,0,1,623317.3,458158.6,0.0,0.0,0.0,458158.6
1,34,51.0,2,2,208.0,10692.08,44.0,75.26667,0.7060075,1,0,0,0,0,0.0,0.0,0.0,208.0,0.0,1.0,0.0,0.0,1,0,0,1,578381.6,522891.1,0.0,0.0,0.0,522891.1
1,34,51.0,3,2,204.0,10601.25,44.0,78.86667,0.637445,1,0,0,0,0,0.0,0.0,0.0,204.0,0.0,1.0,0.0,0.0,1,0,0,1,573986.7,434095.5,0.0,0.0,0.0,434095.5
1,34,51.0,4,2,203.0,9886.667,44.0,79.66666,0.6373053,1,0,0,0,0,0.0,0.0,0.0,203.0,0.0,1.0,0.0,0.0,1,0,0,1,577158.8,547818.5,0.0,0.0,0.0,547818.5
1,34,51.0,5,2,209.0,10046.25,44.0,79.78571,0.6320035,1,0,0,0,0,0.0,0.0,0.0,209.0,0.0,1.0,0.0,0.0,1,0,0,1,645294.1,491358.2,0.0,0.0,0.0,491358.2
1,34,51.0,6,2,204.0,10035.42,43.0,73.72414,0.8848072,0,0,0,1,0,204.0,0.0,0.0,0.0,0.0,1.0,0.0,0.0,1,0,0,1,517918.5,522644.3,522644.3,0.0,0.0,0.0
1,35,38.0,1,2,140.0,10672.08,48.0,63.2,0.6907219,0,0,0,0,1,0.0,140.0,0.0,0.0,0.0,1.0,0.0,0.0,1,0,0,1,186333.5,341007.1,0.0,0.0,0.0,0.0
1,35,38.0,2,2,140.0,10737.5,47.0,60.26667,0.6782651,0,0,0,0,1,0.0,140.0,0.0,0.0,0.0,1.0,0.0,0.0,1,0,0,1,322828.1,337880.3,0.0,0.0,0.0,0.0
1,35,38.0,3,2,200.0,10462.92,45.0,62.63334,0.685192,0,0,0,0,1,0.0,200.0,0.0,0.0,0.0,1.0,0.0,0.0,1,0,0,1,414609.3,479460.7,0.0,0.0,0.0,0.0
1,35,38.0,4,2,500.0,9855.454,35.0,70.60714,1.409461,0,0,0,1,0,500.0,0.0,0.0,0.0,0.0,1.0,0.0,0.0,1,0,0,1,1308483.0,1337879.0,0.0,0.0,0.0,0.0
1,36,26.0,1,2,106.0,12362.17,41.0,64.34483,0.4075292,0,1,0,0,0,0.0,0.0,0.0,0.0,106.0,1.0,0.0,0.0,1,0,0,1,230709.5,252231.7,0.0,0.0,252231.7,0.0
1,36,26.0,2,2,106.0,11530.42,38.0,62.76667,0.377785,0,1,0,0,0,0.0,0.0,0.0,0.0,106.0,1.0,0.0,0.0,1,0,0,1,252435.0,255318.0,0.0,0.0,255318.0,0.0
1,36,26.0,3,2,435.0,10348.75,26.0,66.3,0.328534,1,0,0,0,0,0.0,0.0,0.0,435.0,0.0,1.0,0.0,0.0,1,0,0,1,1101736.0,999397.0,0.0,0.0,0.0,999397.0
1,37,26.0,1,2,43.0,12419.58,48.0,64.16666,0.6633904,0,0,0,0,1,0.0,43.0,0.0,0.0,0.0,1.0,0.0,0.0,1,0,0,1,79067.34,97321.59,0.0,0.0,0.0,0.0
1,37,26.0,2,2,56.0,12622.5,46.0,56.06667,0.6445431,0,0,1,0,0,0.0,0.0,56.0,0.0,0.0,1.0,0.0,0.0,1,0,0,1,112778.0,125667.6,0.0,125667.6,0.0,0.0
1,37,26.0,3,2,62.0,11639.58,46.0,48.53333,0.3957754,0,0,1,0,0,0.0,0.0,62.0,0.0,0.0,1.0,0.0,0.0,1,0,0,1,144244.4,127247.0,0.0,127247.0,0.0,0.0
1,37,26.0,4,2,99.0,11092.92,43.0,62.43333,0.400235,0,0,0,0,1,0.0,99.0,0.0,0.0,0.0,1.0,0.0,0.0,1,0,0,1,252594.0,236151.6,0.0,0.0,0.0,0.0
1,38,26.0,1,2,232.0,10997.92,32.0,81.3,0.2880563,0,0,0,0,1,0.0,232.0,0.0,0.0,0.0,1.0,0.0,0.0,1,0,0,1,653294.9,686463.2,0.0,0.0,0.0,0.0
1,38,26.0,2,2,407.0,11447.5,30.0,76.96667,0.2517889,1,0,0,0,0,0.0,0.0,0.0,407.0,0.0,1.0,0.0,0.0,1,0,0,1,1218654.0,1249300.0,0.0,0.0,0.0,1249300.0
1,38,26.0,3,2,510.0,10415.22,22.0,86.96552,0.3290014,1,0,0,0,0,0.0,0.0,0.0,510.0,0.0,1.0,0.0,0.0,1,0,0,1,1433148.0,1289650.0,0.0,0.0,0.0,1289650.0
1,38,26.0,4,2,545.0,10799.13,13.0,74.44827,0.3068608,0,0,0,0,1,0.0,545.0,0.0,0.0,0.0,1.0,0.0,0.0,1,0,0,1,1499335.0,1499496.0,0.0,0.0,0.0,0.0
1,39,11.0,1,2,160.0,12079.17,37.0,70.7,1.430286,0,0,0,1,0,160.0,0.0,0.0,0.0,0.0,1.0,0.0,0.0,1,0,0,1,384583.5,413706.9,0.0,0.0,0.0,0.0
1,39,11.0,2,2,320.0,11855.42,31.0,68.06667,1.283077,1,0,0,0,0,0.0,0.0,0.0,320.0,0.0,1.0,0.0,0.0,1,0,0,1,960068.1,743400.6,0.0,0.0,0.0,743400.6
1,41,11.0,1,2,469.0,11416.52,25.0,64.25,0.5609603,1,0,0,0,0,0.0,0.0,0.0,469.0,0.0,1.0,0.0,0.0,1,0,0,1,1118442.0,935688.4,0.0,0.0,0.0,935688.4
1,42,7.0,1,2,500.0,10540.87,29.0,76.20689,0.3278125,0,0,0,0,1,0.0,500.0,0.0,0.0,0.0,1.0,0.0,0.0,1,0,0,1,1349643.0,1400749.0,0.0,0.0,0.0,0.0
1,42,7.0,2,2,495.0,18711.3,27.0,72.40741,0.3029222,0,0,0,0,1,0.0,495.0,0.0,0.0,0.0,1.0,0.0,0.0,1,0,0,1,1388490.0,1320399.0,0.0,0.0,0.0,0.0
1,44,7.0,1,2,140.0,9829.546,40.0,67.42857,0.4272471,0,0,0,0,1,0.0,140.0,0.0,0.0,0.0,1.0,0.0,0.0,1,0,0,1,239540.9,319311.2,0.0,0.0,0.0,0.0
1,44,7.0,2,2,140.0,9965.833,41.0,67.86667,0.4235767,0,0,0,0,1,0.0,140.0,0.0,0.0,0.0,1.0,0.0,0.0,1,0,0,1,302842.1,337254.5,0.0,0.0,0.0,0.0
1,44,7.0,3,2,140.0,10904.17,39.0,66.5,0.3987574,0,0,0,0,1,0.0,140.0,0.0,0.0,0.0,1.0,0.0,0.0,1,0,0,1,316114.3,302160.7,0.0,0.0,0.0,0.0
1,44,7.0,4,2,140.0,10717.5,38.0,64.06667,0.400548,0,0,0,0,1,0.0,140.0,0.0,0.0,0.0,1.0,0.0,0.0,1,0,0,1,297493.5,309739.4,0.0,0.0,0.0,0.0
1,45,7.0,1,2,85.0,10720.83,46.0,67.2,0.5547801,0,0,0,0,1,0.0,85.0,0.0,0.0,0.0,1.0,0.0,0.0,1,0,0,1,195212.5,244782.9,0.0,0.0,0.0,0.0
1,45,7.0,2,2,85.0,10570.43,45.0,68.67857,0.6106345,0,0,0,0,1,0.0,85.0,0.0,0.0,0.0,1.0,0.0,0.0,1,0,0,1,218413.6,235843.8,0.0,0.0,0.0,0.0
1,45,7.0,3,2,85.0,11115.0,44.0,69.76667,0.661657,0,0,0,0,1,0.0,85.0,0.0,0.0,0.0,1.0,0.0,0.0,1,0,0,1,238408.3,222281.0,0.0,0.0,0.0,0.0
1,45,7.0,4,2,95.0,10752.5,43.0,73.43333,0.6293914,0,0,0,0,1,0.0,95.0,0.0,0.0,0.0,1.0,0.0,0.0,1,0,0,1,250776.6,250675.4,0.0,0.0,0.0,0.0
1,45,7.0,5,2,318.0,10610.0,31.0,68.24138,0.3618108,0,0,0,0,1,0.0,318.0,0.0,0.0,0.0,1.0,0.0,0.0,1,0,0,1,952220.0,832117.0,0.0,0.0,0.0,0.0
1,46,3.0,1,2,46.0,11797.92,44.0,49.56667,0.7365126,0,0,0,0,1,0.0,46.0,0.0,0.0,0.0,1.0,0.0,0.0,1,0,0,1,107939.8,98690.86,0.0,0.0,0.0,0.0
1,46,3.0,2,2,90.0,71412.38,33.0,53.48148,0.4475098,0,0,0,0,1,0.0,90.0,0.0,0.0,0.0,1.0,0.0,0.0,1,0,0,1,2151.77,34101.07,0.0,0.0,0.0,0.0
1,46,3.0,3,2,270.0,11846.25,26.0,79.66666,0.4601051,1,0,0,0,0,0.0,0.0,0.0,270.0,0.0,1.0,0.0,0.0,1,0,0,1,825662.3,593052.5,0.0,0.0,0.0,593052.5
1,47,34.0,1,3,34.7,12764.35,44.0,62.51724,0.4185568,0,0,0,0,1,0.0,34.7,0.0,0.0,0.0,0.0,1.0,0.0,0,1,0,1,84933.45,73701.5,0.0,0.0,0.0,0.0
1,47,34.0,2,3,65.0,12611.25,26.0,72.46667,0.4230843,0,0,0,0,1,0.0,65.0,0.0,0.0,0.0,0.0,1.0,0.0,0,1,0,1,143289.3,165635.1,0.0,0.0,0.0,0.0
1,48,20.0,1,3,123.0,11368.26,29.0,65.55173,0.4975716,0,0,0,0,1,0.0,123.0,0.0,0.0,0.0,0.0,1.0,0.0,0,1,0,1,334328.1,273866.2,0.0,0.0,0.0,0.0
1,48,20.0,2,3,121.0,11081.67,29.0,73.0,0.4792178,0,0,0,0,1,0.0,121.0,0.0,0.0,0.0,0.0,1.0,0.0,0,1,0,1,317888.5,325036.2,0.0,0.0,0.0,0.0
1,49,6.0,1,2,260.0,9481.739,36.0,82.06896,0.5363833,0,0,0,0,1,0.0,260.0,0.0,0.0,0.0,1.0,0.0,0.0,1,0,0,1,505128.0,669301.1,0.0,0.0,0.0,0.0
1,49,6.0,2,2,800.0,9487.083,30.0,81.27586,0.4995771,1,0,0,0,0,0.0,0.0,0.0,800.0,0.0,1.0,0.0,0.0,1,0,0,1,2308828.0,2092293.0,0.0,0.0,0.0,2092293.0
1,50,24.0,1,2,104.0,11874.58,42.0,65.26667,0.4822878,0,0,0,0,1,0.0,104.0,0.0,0.0,0.0,1.0,0.0,0.0,1,0,0,1,223898.8,261380.7,0.0,0.0,0.0,0.0
1,50,24.0,2,2,168.0,10314.35,36.0,67.28571,0.3633592,0,0,1,0,0,0.0,0.0,168.0,0.0,0.0,1.0,0.0,0.0,1,0,0,1,420753.4,454802.9,0.0,454802.9,0.0,0.0
1,50,24.0,3,2,429.0,10273.33,28.0,67.86207,0.3572243,1,0,0,0,0,0.0,0.0,0.0,429.0,0.0,1.0,0.0,0.0,1,0,0,1,1094332.0,1103203.0,0.0,0.0,0.0,1103203.0
1,51,24.0,1,2,509.0,11252.17,25.0,78.31035,0.4056068,1,0,0,0,0,0.0,0.0,0.0,509.0,0.0,1.0,0.0,0.0,1,0,0,1,1532598.0,1217108.0,0.0,0.0,0.0,1217108.0
1,51,24.0,2,2,494.0,10915.83,22.0,74.43333,0.3810784,1,0,0,0,0,0.0,0.0,0.0,494.0,0.0,1.0,0.0,0.0,1,0,0,1,1105310.0,1242865.0,0.0,1242865.0,0.0,1242865.0
1,51,24.0,3,2,496.0,11312.5,18.0,67.3,0.3621778,1,0,0,0,0,0.0,0.0,0.0,496.0,0.0,1.0,0.0,0.0,1,0,0,1,1331887.0,1194962.0,0.0,0.0,0.0,1194962.0
1,51,24.0,4,2,467.0,10905.83,15.0,69.20689,0.3906177,1,0,0,0,0,0.0,0.0,0.0,467.0,0.0,1.0,0.0,0.0,1,0,0,1,1379340.0,1156559.0,0.0,0.0,0.0,1156559.0
1,52,24.0,4,2,68.0,12277.5,45.0,62.9,0.6453331,0,0,1,0,0,0.0,0.0,68.0,0.0,0.0,1.0,0.0,0.0,1,0,0,1,311509.3,263624.1,0.0,263624.1,0.0,0.0
1,54,24.0,1,2,71.0,13515.0,46.0,52.03333,0.6917527,0,0,1,0,0,0.0,0.0,71.0,0.0,0.0,1.0,0.0,0.0,1,0,0,1,78435.94,124488.2,0.0,124488.2,0.0,0.0
1,55,2.0,1,2,155.0,13152.5,37.0,66.86667,0.4351599,0,0,0,0,1,0.0,155.0,0.0,0.0,0.0,1.0,0.0,0.0,1,0,0,1,377662.9,412284.9,0.0,0.0,0.0,0.0
1,55,2.0,2,2,168.0,11203.75,33.0,70.5,0.4396871,0,0,0,0,1,0.0,168.0,0.0,0.0,0.0,1.0,0.0,0.0,1,0,0,1,313055.1,465169.4,0.0,0.0,0.0,0.0
1,55,2.0,3,2,240.0,10143.33,30.0,61.18518,0.3498845,0,0,1,0,0,0.0,0.0,240.0,0.0,0.0,1.0,0.0,0.0,1,0,0,1,611180.3,385337.2,0.0,385337.2,0.0,0.0
1,56,2.0,1,2,308.0,11635.42,27.0,72.1,0.2626602,0,0,0,0,1,0.0,308.0,0.0,0.0,0.0,1.0,0.0,0.0,1,0,0,1,818681.3,853237.1,0.0,0.0,0.0,0.0
1,56,2.0,2,2,306.0,12367.08,25.0,70.56667,0.2969847,0,0,0,0,1,0.0,306.0,0.0,0.0,0.0,1.0,0.0,0.0,1,0,0,1,770508.9,814618.6,0.0,0.0,0.0,0.0
1,56,2.0,3,2,391.0,11352.5,21.0,78.36667,0.4427493,1,0,0,0,0,0.0,0.0,0.0,391.0,0.0,1.0,0.0,0.0,1,0,0,1,1101540.0,1189600.0,0.0,0.0,0.0,1189600.0
1,56,2.0,4,2,480.0,11662.5,17.0,67.83334,0.4530506,1,0,0,0,0,0.0,0.0,0.0,480.0,0.0,1.0,0.0,0.0,1,0,0,1,1371400.0,1270100.0,0.0,0.0,0.0,1270100.0
1,58,29.0,1,2,144.5,12733.33,35.0,69.65517,1.384687,1,0,0,0,0,0.0,0.0,0.0,144.5,0.0,1.0,0.0,0.0,1,0,0,1,366485.6,390655.0,0.0,0.0,0.0,390655.0
1,58,29.0,2,2,269.7,13145.42,25.0,70.26667,0.3916951,0,1,0,0,0,0.0,0.0,0.0,0.0,269.7,1.0,0.0,0.0,1,0,0,1,764228.4,663032.6,0.0,0.0,663032.6,0.0
1,59,53.0,1,3,619.0,11199.09,36.0,78.53571,1.184944,1,0,0,0,0,0.0,0.0,0.0,619.0,0.0,0.0,1.0,0.0,0,1,0,1,1954989.0,1827475.0,0.0,0.0,0.0,1827475.0
1,59,53.0,2,3,605.0,11466.82,36.0,79.78571,1.482779,1,0,0,0,0,0.0,0.0,0.0,605.0,0.0,0.0,1.0,0.0,0,1,0,1,1744183.0,1918874.0,0.0,0.0,0.0,1918874.0
1,59,53.0,3,3,955.0,13405.42,29.0,69.57143,1.322768,1,0,0,0,0,0.0,0.0,0.0,955.0,0.0,0.0,1.0,0.0,0,1,0,1,2273622.0,2045777.0,0.0,0.0,0.0,2045777.0
1,60,53.0,1,3,134.0,12116.25,46.0,68.66666,0.4998593,0,0,0,0,1,0.0,134.0,0.0,0.0,0.0,0.0,1.0,0.0,0,1,0,1,390421.9,392943.1,0.0,0.0,0.0,0.0
1,60,53.0,3,3,134.0,12027.92,46.0,70.06667,0.500466,0,0,1,0,0,0.0,0.0,134.0,0.0,0.0,0.0,1.0,0.0,0,1,0,1,396718.5,369724.5,0.0,369724.5,0.0,0.0
1,60,53.0,4,3,134.0,11979.58,46.0,78.23333,0.4906185,0,0,0,0,1,0.0,134.0,0.0,0.0,0.0,0.0,1.0,0.0,0,1,0,1,409850.4,398263.8,0.0,0.0,0.0,0.0
1,60,53.0,5,3,134.0,12069.13,45.0,71.65517,0.4910946,0,0,0,0,1,0.0,134.0,0.0,0.0,0.0,0.0,1.0,0.0,0,1,0,1,365676.0,383672.9,0.0,0.0,0.0,0.0
1,60,53.0,6,3,134.0,11963.33,45.0,76.76667,0.4887063,0,0,0,0,1,0.0,134.0,0.0,0.0,0.0,0.0,1.0,0.0,0,1,0,1,397027.4,395299.3,0.0,0.0,0.0,0.0
1,60,53.0,7,3,134.0,12842.92,45.0,63.3,0.6838372,0,0,0,0,1,0.0,134.0,0.0,0.0,0.0,0.0,1.0,0.0,0,1,0,1,396858.9,331266.9,0.0,0.0,0.0,0.0
1,60,53.0,8,3,134.0,12734.58,45.0,75.96667,0.6924205,0,0,0,0,1,0.0,134.0,0.0,0.0,0.0,0.0,1.0,0.0,0,1,0,1,377714.2,398917.5,0.0,0.0,0.0,0.0
1,60,53.0,9,3,134.0,12770.0,44.0,73.76667,0.685359,0,0,1,0,0,0.0,0.0,134.0,0.0,0.0,0.0,1.0,0.0,0,1,0,1,389056.6,395069.3,0.0,395069.3,0.0,0.0
1,60,53.0,10,3,134.0,12720.83,44.0,74.23333,0.7018639,0,0,1,0,0,0.0,0.0,134.0,0.0,0.0,0.0,1.0,0.0,0,1,0,1,265265.4,357968.3,0.0,357968.3,0.0,0.0
1,61,61.0,1,2,150.0,11429.17,30.0,77.16666,0.420687,0,0,0,0,1,0.0,150.0,0.0,0.0,0.0,1.0,0.0,0.0,1,0,0,1,373088.5,404147.6,0.0,0.0,0.0,0.0
1,61,61.0,2,2,150.0,11293.64,29.0,77.75,0.4095391,0,0,0,0,1,0.0,150.0,0.0,0.0,0.0,1.0,0.0,0.0,1,0,0,1,415589.4,400639.9,0.0,0.0,0.0,0.0
1,61,61.0,3,2,155.0,11601.25,28.0,72.2,0.4253444,0,0,0,0,1,0.0,155.0,0.0,0.0,0.0,1.0,0.0,0.0,1,0,0,1,368897.7,391412.1,0.0,0.0,0.0,0.0
1,62,19.0,1,2,153.0,11532.92,26.0,81.06667,0.4659048,1,0,0,0,0,0.0,0.0,0.0,153.0,0.0,1.0,0.0,0.0,1,0,0,1,412785.1,410167.6,0.0,0.0,0.0,410167.6
1,62,19.0,2,2,159.0,11980.83,25.0,75.0,0.478943,1,0,0,0,0,0.0,0.0,0.0,159.0,0.0,1.0,0.0,0.0,1,0,0,1,455869.5,400622.2,0.0,0.0,0.0,400622.2
1,63,61.0,1,2,65.0,12609.58,33.0,63.16667,0.8387169,0,0,0,1,0,65.0,0.0,0.0,0.0,0.0,1.0,0.0,0.0,1,0,0,1,36582.2,174841.8,0.0,0.0,0.0,0.0
1,64,14.0,1,3,116.0,10121.3,34.0,64.13793,0.4254615,0,0,0,0,1,0.0,116.0,0.0,0.0,0.0,0.0,1.0,0.0,0,1,0,1,316269.8,295642.4,0.0,0.0,0.0,0.0
1,64,14.0,2,3,225.0,10287.08,30.0,65.93333,0.4096903,1,0,0,0,0,0.0,0.0,0.0,225.0,0.0,0.0,1.0,0.0,0,1,0,1,634015.1,504269.2,0.0,0.0,0.0,504269.2
1,65,14.0,1,3,75.0,11697.92,42.0,62.86666,0.3738226,0,0,0,0,1,0.0,75.0,0.0,0.0,0.0,0.0,1.0,0.0,0,1,0,1,179485.5,200199.8,0.0,0.0,0.0,0.0
1,65,14.0,2,3,75.0,11681.67,39.0,65.46667,0.3743,0,0,0,0,1,0.0,75.0,0.0,0.0,0.0,0.0,1.0,0.0,0,1,0,1,188187.5,191232.9,0.0,0.0,0.0,0.0
1,66,70.0,1,1,190.0,10978.7,38.0,70.27586,0.8408839,0,0,0,0,1,0.0,190.0,0.0,0.0,0.0,0.0,0.0,1.0,0,0,1,1,371060.4,434797.9,0.0,0.0,0.0,0.0
1,66,70.0,2,1,195.0,11641.3,36.0,69.13793,0.9465526,0,0,0,0,1,0.0,195.0,0.0,0.0,0.0,0.0,0.0,1.0,0,0,1,1,380988.0,481583.0,0.0,0.0,0.0,0.0
1,67,70.0,1,1,135.0,11665.42,40.0,64.3,0.5626771,0,0,0,0,1,0.0,135.0,0.0,0.0,0.0,0.0,0.0,1.0,0,0,1,1,330842.1,288792.3,0.0,0.0,0.0,0.0
1,67,70.0,2,1,324.0,10193.33,33.0,75.72414,0.3301742,1,0,0,0,0,0.0,0.0,0.0,324.0,0.0,0.0,0.0,1.0,0,0,1,1,817066.4,735674.3,0.0,0.0,0.0,735674.3
1,68,64.0,1,1,87.0,11068.26,41.0,56.62069,0.4068089,0,0,0,0,1,0.0,87.0,0.0,0.0,0.0,0.0,0.0,1.0,0,0,1,1,124396.5,186336.4,0.0,0.0,0.0,0.0
1,68,64.0,2,1,27.0,18822.27,52.0,16.18518,0.4189763,0,0,0,0,1,0.0,27.0,0.0,0.0,0.0,0.0,0.0,1.0,0,0,1,1,10815.16,25249.44,0.0,0.0,0.0,0.0
1,69,40.0,1,1,341.0,9170.435,35.0,70.27586,0.5556667,0,0,0,0,1,0.0,341.0,0.0,0.0,0.0,0.0,0.0,1.0,0,0,1,1,822728.5,886461.3,0.0,0.0,0.0,0.0
1,69,40.0,2,1,342.0,9561.305,34.0,70.75862,0.5472771,0,0,0,0,1,0.0,342.0,0.0,0.0,0.0,0.0,0.0,1.0,0,0,1,1,907635.9,859014.9,0.0,0.0,0.0,0.0
1,70,40.0,1,1,182.0,10540.0,40.0,64.0,0.660027,0,0,1,0,0,0.0,0.0,182.0,0.0,0.0,0.0,0.0,1.0,0,0,1,1,469664.2,364891.4,0.0,364891.4,0.0,0.0
1,70,40.0,2,1,182.0,10863.33,39.0,63.33333,0.6601208,0,0,1,0,0,0.0,0.0,182.0,0.0,0.0,0.0,0.0,1.0,0,0,1,1,471982.0,363751.9,0.0,363751.9,0.0,0.0
1,70,40.0,3,1,182.0,10204.17,37.0,65.16666,0.6550583,0,0,1,0,0,0.0,0.0,182.0,0.0,0.0,0.0,0.0,1.0,0,0,1,1,467894.3,367359.5,0.0,367359.5,0.0,0.0
1,71,40.0,1,1,624.0,11186.25,29.0,79.65517,0.4460969,0,0,0,0,1,0.0,624.0,0.0,0.0,0.0,0.0,0.0,1.0,0,0,1,1,1168638.0,1683791.0,0.0,0.0,0.0,0.0
1,71,40.0,2,1,620.0,9672.608,28.0,76.44827,0.4660393,0,0,0,0,1,0.0,620.0,0.0,0.0,0.0,0.0,0.0,1.0,0,0,1,1,1586534.0,1541078.0,0.0,0.0,0.0,0.0
1,72,21.0,1,1,145.1,11411.67,39.0,74.1,0.347024,0,0,0,0,1,0.0,145.1,0.0,0.0,0.0,0.0,0.0,1.0,0,0,1,1,324875.2,396969.2,0.0,0.0,0.0,0.0
1,74,59.0,1,1,243.5,9729.583,36.0,78.96667,0.2929291,0,0,0,0,1,0.0,243.5,0.0,0.0,0.0,0.0,0.0,1.0,0,0,1,1,784302.8,753394.9,0.0,0.0,0.0,0.0
1,74,59.0,2,1,240.0,9797.917,35.0,75.63333,0.2850389,0,0,0,0,1,0.0,240.0,0.0,0.0,0.0,0.0,0.0,1.0,0,0,1,1,706453.4,746494.8,0.0,0.0,0.0,0.0
1,74,59.0,3,1,612.0,11040.0,30.0,69.17242,0.3970737,0,0,0,0,1,0.0,612.0,0.0,0.0,0.0,0.0,0.0,1.0,0,0,1,1,1238878.0,1446333.0,0.0,0.0,0.0,0.0
1,75,59.0,1,1,82.0,11253.33,48.0,74.2,0.3121262,0,0,0,0,1,0.0,82.0,0.0,0.0,0.0,0.0,0.0,1.0,0,0,1,1,231305.5,230251.2,0.0,0.0,0.0,0.0
1,75,59.0,2,1,80.0,12272.5,47.0,75.53333,0.3116814,0,0,0,0,1,0.0,80.0,0.0,0.0,0.0,0.0,0.0,1.0,0,0,1,1,198109.6,221009.7,0.0,0.0,0.0,0.0
1,75,59.0,3,1,149.3,10883.75,41.0,80.9,0.303524,0,0,0,0,1,0.0,149.3,0.0,0.0,0.0,0.0,0.0,1.0,0,0,1,1,337783.2,385422.0,0.0,0.0,0.0,0.0
1,76,52.0,1,2,156.0,11416.25,43.0,77.33334,0.32725,0,0,0,0,1,0.0,156.0,0.0,0.0,0.0,1.0,0.0,0.0,1,0,0,1,454097.3,450602.4,0.0,0.0,0.0,0.0
1,76,52.0,2,2,156.0,11345.42,42.0,81.66666,0.3737687,0,0,1,0,0,0.0,0.0,156.0,0.0,0.0,1.0,0.0,0.0,1,0,0,1,469720.2,514095.7,0.0,514095.7,0.0,0.0
1,77,52.0,1,2,255.0,11482.08,40.0,77.3,0.4521323,1,0,0,0,0,0.0,0.0,0.0,255.0,0.0,1.0,0.0,0.0,1,0,0,1,815503.0,750300.1,0.0,0.0,0.0,750300.1
1,77,52.0,2,2,256.0,10511.25,38.0,78.9,0.240344,1,0,0,0,0,0.0,0.0,0.0,256.0,0.0,1.0,0.0,0.0,1,0,0,1,819767.5,840079.6,0.0,0.0,0.0,840079.6
1,78,52.0,1,2,260.0,10295.0,37.0,80.17857,0.4820453,0,0,1,0,0,0.0,0.0,260.0,0.0,0.0,1.0,0.0,0.0,1,0,0,1,907137.9,892398.7,0.0,892398.7,0.0,0.0
1,78,52.0,2,2,355.0,10373.04,32.0,75.72414,0.9781712,1,0,0,0,0,0.0,0.0,0.0,355.0,0.0,1.0,0.0,0.0,1,0,0,1,854563.1,958164.5,0.0,0.0,0.0,958164.5
1,78,52.0,3,2,820.0,10550.0,19.0,85.23333,0.574923,1,0,0,0,0,0.0,0.0,0.0,820.0,0.0,1.0,0.0,0.0,1,0,0,1,2078040.0,2343774.0,0.0,0.0,0.0,2343774.0
1,79,52.0,1,2,155.0,10654.17,44.0,80.1,0.3046802,0,0,0,0,1,0.0,155.0,0.0,0.0,0.0,1.0,0.0,0.0,1,0,0,1,200232.6,484957.6,0.0,0.0,0.0,0.0
1,79,52.0,2,2,155.0,10742.92,41.0,87.63333,0.3090257,0,0,0,0,1,0.0,155.0,0.0,0.0,0.0,1.0,0.0,0.0,1,0,0,1,396303.2,469615.6,0.0,0.0,0.0,0.0
1,80,52.0,1,2,102.0,11488.33,47.0,83.2,0.2423806,0,0,0,0,1,0.0,102.0,0.0,0.0,0.0,1.0,0.0,0.0,1,0,0,1,291710.3,317002.0,0.0,0.0,0.0,0.0
1,80,52.0,2,2,102.0,11634.58,47.0,80.17242,0.3013963,0,0,0,0,1,0.0,102.0,0.0,0.0,0.0,1.0,0.0,0.0,1,0,0,1,285705.8,272696.3,0.0,0.0,0.0,0.0
1,80,52.0,3,2,122.0,11581.67,46.0,77.7,0.3095188,0,0,0,0,1,0.0,122.0,0.0,0.0,0.0,1.0,0.0,0.0,1,0,0,1,393995.4,375023.9,0.0,0.0,0.0,0.0
1,81,32.0,1,2,103.0,11368.33,31.0,29.06667,0.7944817,0,0,1,0,0,0.0,0.0,103.0,0.0,0.0,1.0,0.0,0.0,1,0,0,1,71302.89,99865.02,0.0,99865.02,0.0,0.0
1,83,32.0,1,2,770.0,7850.0,28.0,72.5862,0.5126278,1,0,0,0,0,0.0,0.0,0.0,770.0,0.0,1.0,0.0,0.0,1,0,0,1,1700365.0,1955585.0,0.0,0.0,0.0,1955585.0
1,83,32.0,2,2,750.0,7365.238,26.0,72.46154,0.4974867,0,0,0,0,1,0.0,750.0,0.0,0.0,0.0,1.0,0.0,0.0,1,0,0,1,1620109.0,1940524.0,0.0,0.0,0.0,0.0
1,83,32.0,3,2,750.0,10392.5,26.0,70.0,0.5024416,0,0,0,0,1,0.0,750.0,0.0,0.0,0.0,1.0,0.0,0.0,1,0,0,1,1385953.0,1562838.0,0.0,0.0,0.0,0.0
1,83,32.0,4,2,750.0,12931.25,25.0,77.25,0.5345847,1,0,0,0,0,0.0,0.0,0.0,750.0,0.0,1.0,0.0,0.0,1,0,0,1,2033453.0,1990164.0,0.0,0.0,0.0,1990164.0
1,84,32.0,1,2,238.0,8735.833,42.0,72.16666,0.3187473,0,0,1,0,0,0.0,0.0,238.0,0.0,0.0,1.0,0.0,0.0,1,0,0,1,673161.5,693802.5,0.0,693802.5,0.0,0.0
1,84,32.0,2,2,272.0,10980.83,41.0,70.86667,0.8915288,0,0,1,0,0,0.0,0.0,272.0,0.0,0.0,1.0,0.0,0.0,1,0,0,1,632817.6,585247.9,0.0,585247.9,0.0,0.0
1,85,32.0,1,2,153.0,11821.67,46.0,58.9,0.6148884,0,0,0,0,1,0.0,153.0,0.0,0.0,0.0,1.0,0.0,0.0,1,0,0,1,333045.8,316267.5,0.0,0.0,0.0,0.0
1,85,32.0,2,2,162.0,12224.78,46.0,56.92857,0.2820188,0,0,0,0,1,0.0,162.0,0.0,0.0,0.0,1.0,0.0,0.0,1,0,0,1,363326.0,230351.8,0.0,0.0,0.0,0.0
1,85,32.0,3,2,171.0,32652.92,45.0,59.68966,0.6803836,0,0,1,0,0,0.0,0.0,171.0,0.0,0.0,1.0,0.0,0.0,1,0,0,1,278417.6,368180.1,0.0,368180.1,0.0,0.0
1,85,32.0,4,2,158.0,12444.17,45.0,62.72414,0.7215053,0,0,0,0,1,0.0,158.0,0.0,0.0,0.0,1.0,0.0,0.0,1,0,0,1,277840.2,330164.0,0.0,0.0,0.0,0.0
1,85,32.0,5,2,321.0,10671.67,38.0,63.7,0.4824861,0,0,1,0,0,0.0,0.0,321.0,0.0,0.0,1.0,0.0,0.0,1,0,0,1,737928.1,745451.3,0.0,745451.3,0.0,0.0
1,85,32.0,6,2,450.0,14273.64,30.0,72.59259,0.4160946,0,0,1,0,0,0.0,0.0,450.0,0.0,0.0,1.0,0.0,0.0,1,0,0,1,1178176.0,1031263.0,0.0,1031263.0,0.0,0.0
1,86,32.0,2,2,26.25,11968.75,50.0,80.4,0.4303829,0,0,0,0,1,0.0,26.25,0.0,0.0,0.0,1.0,0.0,0.0,1,0,0,1,336849.8,273159.6,0.0,0.0,0.0,0.0
1,86,32.0,3,2,26.25,12620.83,50.0,75.8,0.4273126,0,0,0,0,1,0.0,26.25,0.0,0.0,0.0,1.0,0.0,0.0,1,0,0,1,319212.8,255990.3,0.0,0.0,0.0,0.0
1,86,32.0,5,2,520.0,11108.26,31.0,60.7931,0.3356655,0,0,1,0,0,0.0,0.0,520.0,0.0,0.0,1.0,0.0,0.0,1,0,0,1,946448.6,983754.0,0.0,983754.0,0.0,0.0
1,87,35.0,1,3,68.0,10187.92,16.0,67.2,0.3829293,0,0,0,0,1,0.0,68.0,0.0,0.0,0.0,0.0,1.0,0.0,0,1,0,1,150179.8,159479.8,0.0,0.0,0.0,0.0
1,88,9.0,1,3,27.0,14333.75,30.0,58.86207,1.124819,0,0,0,0,1,0.0,27.0,0.0,0.0,0.0,0.0,1.0,0.0,0,1,0,1,51491.89,57350.02,0.0,0.0,0.0,0.0
1,89,25.0,1,3,44.9,14357.83,45.0,39.10714,0.6446134,0,0,1,0,0,0.0,0.0,44.9,0.0,0.0,0.0,1.0,0.0,0,1,0,1,58465.34,70467.84,0.0,70467.84,0.0,0.0
1,89,25.0,2,3,37.4,16218.75,41.0,43.13334,0.4546249,0,0,0,0,1,0.0,37.4,0.0,0.0,0.0,0.0,1.0,0.0,0,1,0,1,74141.18,60179.51,0.0,0.0,0.0,0.0
1,89,25.0,3,3,48.5,15041.36,38.0,37.96429,0.4662659,0,0,0,0,1,0.0,48.5,0.0,0.0,0.0,0.0,1.0,0.0,0,1,0,1,79105.06,72265.55,0.0,0.0,0.0,0.0
1,89,25.0,4,3,74.7,13110.42,35.0,59.93333,0.4419085,0,0,0,0,1,0.0,74.7,0.0,0.0,0.0,0.0,1.0,0.0,0,1,0,1,159614.6,161453.3,0.0,0.0,0.0,0.0
1,89,25.0,5,3,75.1,14100.42,31.0,58.1,0.297762,0,0,0,0,1,0.0,75.1,0.0,0.0,0.0,0.0,1.0,0.0,0,1,0,1,138047.6,150363.1,0.0,0.0,0.0,0.0
1,89,25.0,6,3,76.1,13903.48,29.0,51.93103,0.407081,0,0,0,0,1,0.0,76.1,0.0,0.0,0.0,0.0,1.0,0.0,0,1,0,1,153748.5,164850.2,0.0,0.0,0.0,0.0
1,90,25.0,1,3,158.4,10666.67,26.0,68.0,0.4067789,0,0,0,0,1,0.0,158.4,0.0,0.0,0.0,0.0,1.0,0.0,0,1,0,1,414469.6,413466.5,0.0,0.0,0.0,0.0
1,91,50.0,1,3,32.0,15505.83,13.0,57.9,0.4070053,0,0,1,0,0,0.0,0.0,32.0,0.0,0.0,0.0,1.0,0.0,0,1,0,1,70705.77,63861.16,0.0,63861.16,0.0,0.0
1,92,18.0,1,1,129.0,11638.75,37.0,58.23333,0.6030813,0,1,0,0,0,0.0,0.0,0.0,0.0,129.0,0.0,0.0,1.0,0,0,1,1,348477.4,247297.5,0.0,0.0,247297.5,0.0
1,92,18.0,2,1,155.0,11709.55,35.0,52.28571,0.4862432,0,1,0,0,0,0.0,0.0,0.0,0.0,155.0,0.0,0.0,1.0,0,0,1,1,299353.3,284631.1,0.0,0.0,284631.1,0.0
1,93,18.0,1,1,80.0,11570.0,45.0,64.2,0.3865204,0,0,0,0,1,0.0,80.0,0.0,0.0,0.0,0.0,0.0,1.0,0,0,1,1,160788.2,169908.5,0.0,0.0,0.0,0.0
1,94,69.0,1,1,608.0,58562.08,31.0,49.24138,0.5123595,1,0,0,0,0,0.0,0.0,0.0,608.0,0.0,0.0,0.0,1.0,0,0,1,1,1392199.0,1165964.0,0.0,0.0,0.0,1165964.0
1,95,69.0,1,1,324.0,10884.58,39.0,52.06667,0.5741291,1,0,0,0,0,0.0,0.0,0.0,324.0,0.0,0.0,0.0,1.0,0,0,1,1,498979.6,499265.2,0.0,0.0,0.0,499265.2
1,95,69.0,2,1,324.0,10567.5,38.0,49.2,0.6009971,1,0,0,0,0,0.0,0.0,0.0,324.0,0.0,0.0,0.0,1.0,0,0,1,1,506559.8,515703.9,0.0,0.0,0.0,515703.9
1,96,74.0,1,1,135.0,9592.917,40.0,79.06667,0.4044289,0,0,0,1,0,135.0,0.0,0.0,0.0,0.0,0.0,0.0,1.0,0,0,1,1,402217.3,425373.3,425373.3,0.0,0.0,0.0
1,96,74.0,2,1,235.0,10747.92,32.0,78.4138,0.3580417,0,0,0,1,0,235.0,0.0,0.0,0.0,0.0,0.0,0.0,1.0,0,0,1,1,567851.6,582110.1,582110.1,0.0,0.0,0.0
1,97,75.0,2,1,43.7,17541.74,56.0,65.27586,0.5036466,0,0,0,0,1,0.0,43.7,0.0,0.0,0.0,0.0,0.0,1.0,0,0,1,1,89764.71,104540.1,0.0,0.0,0.0,0.0
1,97,75.0,3,1,84.0,,48.0,0.8816333,0.4483826,0,0,0,0,1,0.0,84.0,0.0,0.0,0.0,0.0,0.0,1.0,0,0,1,1,179132.5,206469.8,0.0,0.0,0.0,0.0
1,98,75.0,2,1,54.0,11826.36,49.0,59.53571,0.7094463,0,0,0,1,0,54.0,0.0,0.0,0.0,0.0,0.0,0.0,1.0,0,0,1,1,63051.54,99707.05,0.0,0.0,0.0,0.0
1,98,75.0,3,1,108.0,11297.92,46.0,80.53333,0.3106785,0,0,0,1,0,108.0,0.0,0.0,0.0,0.0,0.0,0.0,1.0,0,0,1,1,268046.6,308291.1,308291.1,0.0,0.0,0.0
1,101,75.0,1,1,153.0,11030.0,44.0,83.68965,0.2843285,1,0,0,0,0,0.0,0.0,0.0,153.0,0.0,0.0,0.0,1.0,0,0,1,1,487023.4,483672.3,0.0,0.0,0.0,483672.3
1,101,75.0,2,1,153.0,10661.67,41.0,88.9,0.2365789,0,0,0,0,1,0.0,153.0,0.0,0.0,0.0,0.0,0.0,1.0,0,0,1,1,401574.0,495590.4,0.0,0.0,0.0,0.0
1,102,46.0,3,1,90.0,12290.43,46.0,48.06897,0.6950623,0,0,0,0,1,0.0,90.0,0.0,0.0,0.0,0.0,0.0,1.0,0,0,1,1,171715.8,141048.8,0.0,0.0,0.0,0.0
1,102,46.0,4,1,90.0,12189.57,45.0,52.2069,0.7607137,0,0,0,0,1,0.0,90.0,0.0,0.0,0.0,0.0,0.0,1.0,0,0,1,1,168755.0,141231.0,0.0,0.0,0.0,0.0
1,102,46.0,5,1,190.0,11208.7,42.0,63.13793,0.3651853,0,0,0,0,1,0.0,190.0,0.0,0.0,0.0,0.0,0.0,1.0,0,0,1,1,450378.0,474147.7,0.0,0.0,0.0,0.0
1,102,46.0,6,1,192.0,11423.91,41.0,62.68966,0.3790301,0,0,0,0,1,0.0,192.0,0.0,0.0,0.0,0.0,0.0,1.0,0,0,1,1,484516.9,525211.0,0.0,0.0,0.0,0.0
1,103,46.0,1,1,99.0,11697.39,49.0,66.34483,0.3535408,0,0,0,0,1,0.0,99.0,0.0,0.0,0.0,0.0,0.0,1.0,0,0,1,1,229218.7,242706.9,0.0,0.0,0.0,0.0
1,103,46.0,2,1,97.0,12177.08,49.0,70.23333,0.3440935,0,0,0,0,1,0.0,97.0,0.0,0.0,0.0,0.0,0.0,1.0,0,0,1,1,204433.3,225874.7,0.0,0.0,0.0,0.0
1,103,46.0,3,1,206.0,9357.392,40.0,69.93104,0.3394353,0,0,0,0,1,0.0,206.0,0.0,0.0,0.0,0.0,0.0,1.0,0,0,1,1,526767.0,478566.6,0.0,0.0,0.0,0.0
1,103,46.0,4,1,205.0,9417.917,39.0,71.2,0.3494467,0,0,0,0,1,0.0,205.0,0.0,0.0,0.0,0.0,0.0,1.0,0,0,1,1,546684.9,478168.1,0.0,0.0,0.0,0.0
1,104,62.0,1,1,172.0,11184.35,33.0,66.79311,0.3548971,0,0,0,0,1,0.0,172.0,0.0,0.0,0.0,0.0,0.0,1.0,0,0,1,1,393605.1,434405.8,0.0,0.0,0.0,0.0
1,104,62.0,2,1,191.0,12167.37,30.0,59.76,0.3618648,0,0,0,0,1,0.0,191.0,0.0,0.0,0.0,0.0,0.0,1.0,0,0,1,1,349051.1,364554.6,0.0,0.0,0.0,0.0
1,105,23.0,1,1,46.0,11500.42,51.0,58.76667,0.4035395,0,1,0,0,0,0.0,0.0,0.0,0.0,46.0,0.0,0.0,1.0,0,0,1,1,105955.7,108374.9,0.0,0.0,108374.9,0.0
1,105,23.0,2,1,64.0,11361.25,49.0,65.16666,0.4530622,0,1,0,0,0,0.0,0.0,0.0,0.0,64.0,0.0,0.0,1.0,0,0,1,1,167223.4,160262.2,0.0,0.0,160262.2,0.0
1,105,23.0,3,1,64.0,10384.78,46.0,68.0,0.3552896,0,1,0,0,0,0.0,0.0,0.0,0.0,64.0,0.0,0.0,1.0,0,0,1,1,140599.8,149623.9,0.0,0.0,149623.9,0.0
1,105,23.0,4,1,78.0,10537.5,42.0,74.96667,0.3581671,0,1,0,0,0,0.0,0.0,0.0,0.0,78.0,0.0,0.0,1.0,0,0,1,1,257962.6,222713.6,0.0,0.0,222713.6,0.0
1,107,43.0,1,2,198.0,11133.33,35.0,69.83334,0.5657622,0,1,0,0,0,0.0,0.0,0.0,0.0,198.0,1.0,0.0,0.0,1,0,0,1,478927.4,477559.0,0.0,0.0,477559.0,0.0
1,107,43.0,2,2,194.0,10667.92,28.0,71.3,0.3744728,1,0,0,0,0,0.0,0.0,0.0,194.0,0.0,1.0,0.0,0.0,1,0,0,1,470339.6,529402.6,0.0,0.0,0.0,529402.6
1,108,43.0,1,2,143.0,9241.305,43.0,65.51724,0.473662,0,1,0,0,0,0.0,0.0,0.0,0.0,143.0,1.0,0.0,0.0,1,0,0,1,370952.1,367031.6,0.0,0.0,367031.6,0.0
1,108,43.0,2,2,173.0,9276.521,41.0,65.24138,0.6767812,0,1,0,0,0,0.0,0.0,0.0,0.0,173.0,1.0,0.0,0.0,1,0,0,1,376498.4,394954.3,0.0,0.0,394954.3,0.0
1,109,43.0,1,2,79.0,12799.58,47.0,46.76667,0.7754378,0,0,0,1,0,79.0,0.0,0.0,0.0,0.0,1.0,0.0,0.0,1,0,0,1,97659.3,154130.5,154130.5,0.0,0.0,0.0
1,109,43.0,2,2,76.0,12651.67,48.0,50.8,0.8062569,0,0,0,1,0,76.0,0.0,0.0,0.0,0.0,1.0,0.0,0.0,1,0,0,1,117357.2,163107.4,163107.4,0.0,0.0,0.0
1,109,43.0,3,2,252.0,11255.65,37.0,56.48276,0.3784691,0,0,0,0,1,0.0,252.0,0.0,0.0,0.0,1.0,0.0,0.0,1,0,0,1,497049.6,496535.4,0.0,0.0,0.0,0.0
1,110,43.0,1,2,385.0,9551.25,33.0,72.24138,0.4805543,1,0,0,0,0,0.0,0.0,0.0,385.0,0.0,1.0,0.0,0.0,1,0,0,1,1146794.0,945676.6,0.0,0.0,0.0,945676.6
1,110,43.0,2,2,670.0,9932.5,31.0,70.86667,0.29342,1,0,0,0,0,0.0,0.0,0.0,670.0,0.0,1.0,0.0,0.0,1,0,0,1,1540397.0,1725602.0,0.0,0.0,0.0,1725602.0
1,110,43.0,3,2,707.0,10352.17,26.0,72.10714,0.37361,1,0,0,0,0,0.0,0.0,0.0,707.0,0.0,1.0,0.0,0.0,1,0,0,1,1914929.0,1962932.0,0.0,0.0,0.0,1962932.0
1,110,43.0,4,2,700.0,10552.92,19.0,68.83334,0.5970417,1,0,0,0,0,0.0,0.0,0.0,700.0,0.0,1.0,0.0,0.0,1,0,0,1,1809271.0,1748478.0,0.0,0.0,0.0,1748478.0
1,111,43.0,1,2,97.0,11200.0,45.0,44.1,0.611536,0,0,0,0,1,0.0,97.0,0.0,0.0,0.0,1.0,0.0,0.0,1,0,0,1,154086.3,172526.3,0.0,0.0,0.0,0.0
1,111,43.0,2,2,106.0,11052.92,44.0,48.03448,0.6153711,0,0,1,0,0,0.0,0.0,106.0,0.0,0.0,1.0,0.0,0.0,1,0,0,1,176288.7,170887.9,0.0,170887.9,0.0,0.0
1,111,43.0,3,2,410.0,10817.92,27.0,56.13334,0.418433,0,0,1,0,0,0.0,0.0,410.0,0.0,0.0,1.0,0.0,0.0,1,0,0,1,792252.8,824354.0,0.0,824354.0,0.0,0.0
1,112,43.0,1,2,49.0,12707.83,50.0,52.10345,0.8614458,0,0,1,0,0,0.0,0.0,49.0,0.0,0.0,1.0,0.0,0.0,1,0,0,1,63909.48,91883.31,0.0,91883.31,0.0,0.0
1,112,43.0,2,2,49.0,12750.0,49.0,52.73333,0.8958326,0,0,1,0,0,0.0,0.0,49.0,0.0,0.0,1.0,0.0,0.0,1,0,0,1,61508.26,98914.96,0.0,98914.96,0.0,0.0
1,112,43.0,3,2,78.0,11417.08,47.0,53.86666,0.56,0,0,0,1,0,78.0,0.0,0.0,0.0,0.0,1.0,0.0,0.0,1,0,0,1,97273.43,161067.8,161067.8,0.0,0.0,0.0
1,113,13.0,1,2,165.0,10347.08,42.0,56.86666,0.4415121,0,1,0,0,0,0.0,0.0,0.0,0.0,165.0,1.0,0.0,0.0,1,0,0,1,373316.8,291512.9,0.0,0.0,291512.9,0.0
1,113,13.0,2,2,165.0,10797.83,42.0,55.27586,0.4319327,0,0,0,0,1,0.0,165.0,0.0,0.0,0.0,1.0,0.0,0.0,1,0,0,1,349981.6,309283.1,0.0,0.0,0.0,0.0
1,113,13.0,3,2,265.0,9937.083,40.0,63.66667,0.4514116,0,1,0,0,0,0.0,0.0,0.0,0.0,265.0,1.0,0.0,0.0,1,0,0,1,772635.3,620901.2,0.0,0.0,620901.2,0.0
1,113,13.0,4,2,275.0,10223.18,39.0,64.42857,0.4173106,0,0,1,0,0,0.0,0.0,275.0,0.0,0.0,1.0,0.0,0.0,1,0,0,1,783061.3,679510.1,0.0,0.0,0.0,0.0
1,113,13.0,5,2,270.0,10025.0,38.0,61.66667,0.4355123,0,0,0,0,1,0.0,270.0,0.0,0.0,0.0,1.0,0.0,0.0,1,0,0,1,671302.1,507670.8,0.0,0.0,0.0,0.0
1,114,13.0,1,2,37.5,14840.48,58.0,31.7037,0.4146366,0,0,0,1,0,37.5,0.0,0.0,0.0,0.0,1.0,0.0,0.0,1,0,0,1,52696.33,43430.05,43430.05,0.0,0.0,0.0
1,114,13.0,2,2,75.0,14840.48,58.0,31.7037,0.4317107,0,0,0,1,0,75.0,0.0,0.0,0.0,0.0,1.0,0.0,0.0,1,0,0,1,28465.73,71712.66,71712.66,0.0,0.0,0.0
1,114,13.0,4,2,128.0,10820.0,46.0,57.9,0.3939682,0,0,0,1,0,128.0,0.0,0.0,0.0,0.0,1.0,0.0,0.0,1,0,0,1,647876.5,580783.4,580783.4,0.0,0.0,0.0
1,115,13.0,1,2,38.0,17004.54,59.0,32.30435,0.4091487,0,0,0,1,0,38.0,0.0,0.0,0.0,0.0,1.0,0.0,0.0,1,0,0,1,27729.14,26224.96,26224.96,0.0,0.0,0.0
1,115,13.0,2,2,38.0,17210.87,59.0,29.51724,0.4713566,0,0,0,1,0,38.0,0.0,0.0,0.0,0.0,1.0,0.0,0.0,1,0,0,1,42499.38,39100.14,39100.14,0.0,0.0,0.0
1,115,13.0,3,2,61.0,14619.13,51.0,34.37931,0.4122861,0,0,0,1,0,61.0,0.0,0.0,0.0,0.0,1.0,0.0,0.0,1,0,0,1,76234.4,60501.29,60501.29,0.0,0.0,0.0
1,115,13.0,4,2,61.0,14517.0,51.0,35.04,0.4180268,0,0,0,1,0,61.0,0.0,0.0,0.0,0.0,1.0,0.0,0.0,1,0,0,1,77112.79,67264.14,67264.14,0.0,0.0,0.0
1,115,13.0,5,2,562.0,10025.83,27.0,72.1,0.4335805,1,0,0,0,0,0.0,0.0,0.0,562.0,0.0,1.0,0.0,0.0,1,0,0,1,1592211.0,1448743.0,0.0,0.0,0.0,1448743.0
1,116,13.0,1,2,67.0,12973.04,50.0,34.17857,0.4149287,0,0,0,1,0,67.0,0.0,0.0,0.0,0.0,1.0,0.0,0.0,1,0,0,1,85059.16,63618.73,63618.73,0.0,0.0,0.0
1,116,13.0,2,2,67.0,13236.96,49.0,36.82143,0.3906476,0,0,0,1,0,67.0,0.0,0.0,0.0,0.0,1.0,0.0,0.0,1,0,0,1,90389.33,71952.91,71952.91,0.0,0.0,0.0
1,116,13.0,3,2,142.0,12064.09,44.0,46.53571,0.4415617,0,0,0,0,1,0.0,142.0,0.0,0.0,0.0,1.0,0.0,0.0,1,0,0,1,201532.6,227473.9,0.0,0.0,0.0,0.0
1,117,13.0,1,2,385.0,9378.75,34.0,78.1,0.4324864,0,0,0,0,1,0.0,385.0,0.0,0.0,0.0,1.0,0.0,0.0,1,0,0,1,955234.4,1152230.0,0.0,0.0,0.0,0.0
1,117,13.0,2,2,385.0,9253.913,33.0,80.48276,0.4378923,0,0,0,1,0,385.0,0.0,0.0,0.0,0.0,1.0,0.0,0.0,1,0,0,1,1249862.0,1104152.0,1104152.0,0.0,0.0,0.0
1,117,13.0,3,2,660.0,8963.044,30.0,75.37931,0.4246806,0,1,0,0,0,0.0,0.0,0.0,0.0,660.0,1.0,0.0,0.0,1,0,0,1,2155497.0,1988774.0,0.0,0.0,1988774.0,0.0
1,117,13.0,4,2,660.0,9607.5,29.0,79.5,0.4391009,0,0,0,1,0,660.0,0.0,0.0,0.0,0.0,1.0,0.0,0.0,1,0,0,1,1953655.0,2102528.0,2102528.0,0.0,0.0,0.0
1,118,13.0,1,2,133.0,11292.5,45.0,59.1,0.3632749,0,0,1,0,0,0.0,0.0,133.0,0.0,0.0,1.0,0.0,0.0,1,0,0,1,565497.8,629708.5,0.0,629708.5,0.0,0.0
1,118,13.0,2,2,94.0,11557.62,47.0,54.07692,0.4266816,0,0,1,0,0,0.0,0.0,94.0,0.0,0.0,1.0,0.0,0.0,1,0,0,1,301817.8,370013.8,0.0,370013.8,0.0,0.0
1,119,42.0,1,3,585.0,9715.652,32.0,61.07143,0.5998805,1,0,0,0,0,0.0,0.0,0.0,585.0,0.0,0.0,1.0,0.0,0,1,0,1,1720397.0,1350484.0,0.0,0.0,0.0,1350484.0
1,119,42.0,2,3,585.0,9536.25,32.0,65.6,0.7373319,1,0,0,0,0,0.0,0.0,0.0,585.0,0.0,0.0,1.0,0.0,0,1,0,1,1505517.0,1476605.0,0.0,0.0,0.0,1476605.0
1,119,42.0,3,3,630.0,9875.0,22.0,62.60714,0.5475521,1,0,0,0,0,0.0,0.0,0.0,630.0,0.0,0.0,1.0,0.0,0,1,0,1,1769900.0,1082987.0,0.0,0.0,0.0,1082987.0
1,120,37.0,1,2,94.0,11593.33,47.0,62.96667,0.6137677,0,0,0,0,1,0.0,94.0,0.0,0.0,0.0,1.0,0.0,0.0,1,0,0,1,127362.6,176239.9,0.0,0.0,0.0,0.0
1,120,37.0,2,2,94.0,11870.0,46.0,66.3,0.5719347,0,0,0,0,1,0.0,94.0,0.0,0.0,0.0,1.0,0.0,0.0,1,0,0,1,130536.1,160923.1,0.0,0.0,0.0,0.0
1,120,37.0,3,2,128.0,10914.17,45.0,76.33334,0.9100511,0,0,0,0,1,0.0,128.0,0.0,0.0,0.0,1.0,0.0,0.0,1,0,0,1,235053.6,346371.8,0.0,0.0,0.0,0.0
1,120,37.0,4,2,150.0,10515.83,41.0,80.1,0.5295569,0,0,0,0,1,0.0,150.0,0.0,0.0,0.0,1.0,0.0,0.0,1,0,0,1,275743.9,370773.7,0.0,0.0,0.0,0.0
1,120,37.0,5,2,238.0,10820.83,37.0,67.9,0.4365835,0,0,0,0,1,0.0,238.0,0.0,0.0,0.0,1.0,0.0,0.0,1,0,0,1,528691.6,564321.7,0.0,0.0,0.0,0.0
1,120,37.0,6,2,414.0,11669.58,30.0,62.6,0.3117565,0,0,0,0,1,0.0,414.0,0.0,0.0,0.0,1.0,0.0,0.0,1,0,0,1,864153.6,874157.9,0.0,0.0,0.0,0.0
1,121,37.0,1,2,163.0,11424.58,39.0,82.33334,0.4302593,0,0,0,0,1,0.0,163.0,0.0,0.0,0.0,1.0,0.0,0.0,1,0,0,1,304977.1,441729.6,0.0,0.0,0.0,0.0
1,121,37.0,2,2,500.0,10330.83,24.0,74.33334,0.5179543,1,0,0,0,0,0.0,0.0,0.0,500.0,0.0,1.0,0.0,0.0,1,0,0,1,1342268.0,1471653.0,0.0,0.0,0.0,1471653.0
1,121,37.0,3,2,500.0,10631.3,21.0,73.68965,0.54741,1,0,0,0,0,0.0,0.0,0.0,500.0,0.0,1.0,0.0,0.0,1,0,0,1,1368928.0,1434686.0,0.0,0.0,0.0,1434686.0
1,122,76.0,3,1,244.0,11848.0,41.0,12.56,0.3603866,0,0,0,0,1,0.0,244.0,0.0,0.0,0.0,0.0,0.0,1.0,0,0,1,1,371928.6,418847.2,0.0,0.0,0.0,0.0
1,123,60.0,1,1,96.0,11270.87,50.0,43.34483,0.3906401,0,0,0,0,1,0.0,96.0,0.0,0.0,0.0,0.0,0.0,1.0,0,0,1,1,108464.0,224690.7,0.0,0.0,0.0,0.0
1,123,60.0,2,1,625.0,10120.83,29.0,64.26667,0.8462386,0,0,0,0,1,0.0,625.0,0.0,0.0,0.0,0.0,0.0,1.0,0,0,1,1,1330835.0,1525401.0,0.0,0.0,0.0,0.0
1,124,76.0,1,1,132.0,11137.08,46.0,51.0,0.416425,0,0,0,0,1,0.0,132.0,0.0,0.0,0.0,0.0,0.0,1.0,0,0,1,1,219120.0,265755.8,0.0,0.0,0.0,0.0
1,124,76.0,2,1,132.0,11330.0,46.0,50.24138,0.4474227,0,0,0,0,1,0.0,132.0,0.0,0.0,0.0,0.0,0.0,1.0,0,0,1,1,230339.9,231607.1,0.0,0.0,0.0,0.0
1,124,76.0,3,1,132.0,11420.0,45.0,52.51724,0.3888691,0,0,0,0,1,0.0,132.0,0.0,0.0,0.0,0.0,0.0,1.0,0,0,1,1,233426.4,250463.8,0.0,0.0,0.0,0.0
1,124,76.0,4,1,240.0,10254.58,43.0,54.43333,0.3452616,0,0,0,0,1,0.0,240.0,0.0,0.0,0.0,0.0,0.0,1.0,0,0,1,1,334170.3,440813.5,0.0,0.0,0.0,0.0
1,124,76.0,5,1,597.0,10033.91,27.0,63.31034,0.8463986,0,1,0,0,0,0.0,0.0,0.0,0.0,597.0,0.0,0.0,1.0,0,0,1,1,1849370.0,1452430.0,0.0,0.0,1452430.0,0.0
1,125,76.0,1,1,245.0,13215.91,37.0,29.85714,0.3759784,0,0,0,0,1,0.0,245.0,0.0,0.0,0.0,0.0,0.0,1.0,0,0,1,1,288946.8,298591.5,0.0,0.0,0.0,0.0
1,126,10.0,1,2,115.0,10011.25,40.0,55.96667,1.032877,0,0,0,0,1,0.0,115.0,0.0,0.0,0.0,1.0,0.0,0.0,1,0,0,1,54715.35,250386.1,0.0,0.0,0.0,0.0
1,126,10.0,2,2,115.0,10165.0,42.0,53.03333,1.058591,0,0,0,0,1,0.0,115.0,0.0,0.0,0.0,1.0,0.0,0.0,1,0,0,1,74824.62,257324.3,0.0,0.0,0.0,0.0
1,126,10.0,3,2,165.0,9668.75,37.0,47.23333,0.4449736,0,0,0,0,1,0.0,165.0,0.0,0.0,0.0,1.0,0.0,0.0,1,0,0,1,319347.6,320286.1,0.0,0.0,0.0,0.0
1,126,10.0,4,2,780.0,10180.0,26.0,57.16667,0.4370298,0,0,0,0,1,0.0,780.0,0.0,0.0,0.0,1.0,0.0,0.0,1,0,0,1,1483686.0,1952217.0,0.0,0.0,0.0,0.0
1,126,10.0,5,2,375.0,10673.48,23.0,63.72414,0.375932,0,0,0,1,0,375.0,0.0,0.0,0.0,0.0,1.0,0.0,0.0,1,0,0,1,966275.7,572468.0,572468.0,0.0,0.0,0.0
1,126,10.0,6,2,375.0,10686.09,21.0,63.10345,0.4045996,0,0,0,1,0,375.0,0.0,0.0,0.0,0.0,1.0,0.0,0.0,1,0,0,1,1008311.0,920869.6,920869.6,0.0,0.0,0.0
1,127,10.0,1,2,90.0,11913.91,44.0,43.31034,0.4199176,0,0,0,0,1,0.0,90.0,0.0,0.0,0.0,1.0,0.0,0.0,1,0,0,1,91931.14,175887.3,0.0,0.0,0.0,0.0
1,128,12.0,1,2,58.0,13935.29,51.0,19.40909,0.5513104,0,0,0,0,1,0.0,58.0,0.0,0.0,0.0,1.0,0.0,0.0,1,0,0,1,5625.54,35970.8,0.0,0.0,0.0,0.0
1,128,12.0,2,2,55.0,13401.76,50.0,21.45455,0.5655496,0,0,0,0,1,0.0,55.0,0.0,0.0,0.0,1.0,0.0,0.0,1,0,0,1,4942.98,38913.89,0.0,0.0,0.0,0.0
1,128,12.0,3,2,63.0,11201.36,49.0,35.33333,0.5544028,0,0,0,0,1,0.0,63.0,0.0,0.0,0.0,1.0,0.0,0.0,1,0,0,1,15715.0,81874.09,0.0,0.0,0.0,0.0
1,128,12.0,4,2,63.0,11793.33,48.0,40.22222,0.5565299,0,0,0,0,1,0.0,63.0,0.0,0.0,0.0,1.0,0.0,0.0,1,0,0,1,36871.87,90776.29,0.0,0.0,0.0,0.0
1,128,12.0,5,2,63.0,11693.33,47.0,32.96154,0.5755572,0,0,0,0,1,0.0,63.0,0.0,0.0,0.0,1.0,0.0,0.0,1,0,0,1,23305.83,69943.08,0.0,0.0,0.0,0.0
1,128,12.0,6,2,63.0,12262.38,46.0,36.77778,0.5799801,0,0,0,0,1,0.0,63.0,0.0,0.0,0.0,1.0,0.0,0.0,1,0,0,1,31496.89,90901.27,0.0,0.0,0.0,0.0
1,129,37.0,1,2,585.0,10235.22,28.0,71.65517,0.5830045,1,0,0,0,0,0.0,0.0,0.0,585.0,0.0,1.0,0.0,0.0,1,0,0,1,1502540.0,1598622.0,0.0,0.0,0.0,1598622.0
1,129,37.0,2,2,585.0,9791.739,29.0,72.5862,0.6328992,1,0,0,0,0,0.0,0.0,0.0,585.0,0.0,1.0,0.0,0.0,1,0,0,1,1762016.0,1758725.0,0.0,0.0,0.0,1758725.0
1,129,37.0,3,2,585.0,9505.833,27.0,73.46667,0.5777173,1,0,0,0,0,0.0,0.0,0.0,585.0,0.0,1.0,0.0,0.0,1,0,0,1,1633563.0,1551541.0,0.0,0.0,0.0,1551541.0
1,129,37.0,4,2,585.0,10209.55,25.0,76.66666,0.5629258,1,0,0,0,0,0.0,0.0,0.0,585.0,0.0,1.0,0.0,0.0,1,0,0,1,1736004.0,1590866.0,0.0,0.0,0.0,1590866.0
1,130,60.0,1,1,108.0,20550.42,45.0,61.83333,0.8908176,0,0,0,0,1,0.0,108.0,0.0,0.0,0.0,0.0,0.0,1.0,0,0,1,1,201855.9,253447.5,0.0,0.0,0.0,0.0
1,130,60.0,2,1,108.0,10762.5,45.0,59.9,0.8847942,0,0,0,0,1,0.0,108.0,0.0,0.0,0.0,0.0,0.0,1.0,0,0,1,1,201855.9,253447.5,0.0,0.0,0.0,0.0
1,131,76.0,5,1,47.0,10459.38,49.0,23.89474,0.6439343,0,0,0,0,1,0.0,47.0,0.0,0.0,0.0,0.0,0.0,1.0,0,0,1,1,259009.3,334599.6,0.0,0.0,0.0,0.0
1,132,76.0,1,1,180.0,11009.17,40.0,73.3,0.4291967,0,0,0,0,1,0.0,180.0,0.0,0.0,0.0,0.0,0.0,1.0,0,0,1,1,234700.4,581991.4,0.0,0.0,0.0,0.0
1,132,76.0,2,1,180.0,11101.25,39.0,76.59259,0.879134,0,1,0,0,0,0.0,0.0,0.0,0.0,180.0,0.0,0.0,1.0,0,0,1,1,349541.7,514552.7,0.0,0.0,514552.7,0.0
1,132,76.0,3,1,180.0,10927.39,38.0,79.67857,1.047891,0,0,0,0,1,0.0,180.0,0.0,0.0,0.0,0.0,0.0,1.0,0,0,1,1,207283.2,581796.0,0.0,0.0,0.0,0.0
1,132,76.0,4,1,180.0,10826.67,37.0,74.9,0.8914444,0,0,1,0,0,0.0,0.0,180.0,0.0,0.0,0.0,0.0,1.0,0,0,1,1,334439.9,560588.7,0.0,560588.7,0.0,0.0
1,132,76.0,5,1,300.0,10385.83,32.0,72.0,0.4672111,0,0,0,0,1,0.0,300.0,0.0,0.0,0.0,0.0,0.0,1.0,0,0,1,1,612143.9,892212.1,0.0,0.0,0.0,0.0
1,132,76.0,6,1,600.0,10380.87,30.0,75.86207,0.4507972,0,1,0,0,0,0.0,0.0,0.0,0.0,600.0,0.0,0.0,1.0,0,0,1,1,1760060.0,1942549.0,0.0,0.0,1942549.0,0.0
1,132,76.0,7,1,600.0,10121.25,28.0,79.93333,1.096284,0,1,0,0,0,0.0,0.0,0.0,0.0,600.0,0.0,0.0,1.0,0,0,1,1,1846230.0,1928047.0,0.0,0.0,1928047.0,0.0
1,133,15.0,1,2,190.0,10260.87,46.0,50.82759,0.8807555,0,0,0,1,0,190.0,0.0,0.0,0.0,0.0,1.0,0.0,0.0,1,0,0,1,361483.8,320331.1,0.0,0.0,0.0,0.0
1,133,15.0,2,2,190.0,10201.74,45.0,49.41379,0.86935,0,0,0,1,0,190.0,0.0,0.0,0.0,0.0,1.0,0.0,0.0,1,0,0,1,213964.3,374208.0,0.0,0.0,0.0,0.0
1,133,15.0,3,2,205.0,9913.479,42.0,56.51724,0.9745389,0,0,0,1,0,205.0,0.0,0.0,0.0,0.0,1.0,0.0,0.0,1,0,0,1,407962.9,498057.0,0.0,0.0,0.0,0.0
1,133,15.0,4,2,205.0,9904.546,41.0,51.78571,0.9668681,0,0,0,1,0,205.0,0.0,0.0,0.0,0.0,1.0,0.0,0.0,1,0,0,1,455900.4,464528.5,0.0,0.0,0.0,0.0
1,133,15.0,5,2,575.0,37291.3,31.0,72.39286,0.655489,1,0,0,0,0,0.0,0.0,0.0,575.0,0.0,1.0,0.0,0.0,1,0,0,1,1608241.0,1730378.0,0.0,0.0,0.0,1730378.0
1,134,22.0,1,2,212.0,9844.583,44.0,74.96667,0.7601865,1,0,0,0,0,0.0,0.0,0.0,212.0,0.0,1.0,0.0,0.0,1,0,0,1,649793.9,529418.2,0.0,0.0,0.0,529418.2
1,134,22.0,2,2,204.0,9756.667,44.0,79.36667,0.7604343,1,0,0,0,0,0.0,0.0,0.0,204.0,0.0,1.0,0.0,0.0,1,0,0,1,671011.0,578171.0,0.0,0.0,0.0,578171.0
1,134,22.0,3,2,205.0,9670.0,44.0,82.7,0.7618375,1,0,0,0,0,0.0,0.0,0.0,205.0,0.0,1.0,0.0,0.0,1,0,0,1,633432.8,584894.6,0.0,0.0,0.0,584894.6
1,134,22.0,4,2,201.0,9659.583,44.0,84.53333,0.7626334,1,0,0,0,0,0.0,0.0,0.0,201.0,0.0,1.0,0.0,0.0,1,0,0,1,550684.6,582568.8,0.0,0.0,0.0,582568.8
1,134,22.0,5,2,201.0,9836.667,44.0,79.66666,0.7612875,1,0,0,0,0,0.0,0.0,0.0,201.0,0.0,1.0,0.0,0.0,1,0,0,1,653291.4,512875.3,0.0,0.0,0.0,512875.3
1,135,76.0,1,1,138.0,10580.43,40.0,61.58621,0.6458415,0,0,0,0,1,0.0,138.0,0.0,0.0,0.0,0.0,0.0,1.0,0,0,1,1,252302.0,298576.5,0.0,0.0,0.0,0.0
1,135,76.0,2,1,142.0,10480.0,36.0,60.93333,0.8146731,0,0,1,0,0,0.0,0.0,142.0,0.0,0.0,0.0,0.0,1.0,0,0,1,1,286783.6,287343.3,0.0,287343.3,0.0,0.0
1,135,76.0,3,1,215.0,10403.91,31.0,64.82758,0.7910799,0,0,1,0,0,0.0,0.0,215.0,0.0,0.0,0.0,0.0,1.0,0,0,1,1,487438.8,547838.6,0.0,547838.6,0.0,0.0
1,136,1.0,1,3,25.0,,34.0,85.1,0.8529,0,0,0,0,1,,,,,,0.0,1.0,0.0,0,1,0,1,65328.32,40645.09,0.0,0.0,0.0,0.0
1,136,1.0,2,3,50.0,16497.39,25.0,56.75862,0.5147432,0,0,1,0,0,0.0,0.0,50.0,0.0,0.0,0.0,1.0,0.0,0,1,0,1,80675.55,122714.6,122714.6,0.0,0.0,0.0
1,137,60.0,1,1,97.0,14275.0,47.0,47.9,0.519392,0,1,0,0,0,0.0,0.0,0.0,0.0,97.0,0.0,0.0,1.0,0,0,1,1,30989.44,156073.8,0.0,0.0,156073.8,0.0
1,137,60.0,2,1,97.0,14376.36,46.0,50.21429,0.5182124,0,1,0,0,0,0.0,0.0,0.0,0.0,97.0,0.0,0.0,1.0,0,0,1,1,139086.6,147746.4,0.0,0.0,147746.4,0.0
1,137,60.0,3,1,109.0,14331.82,45.0,46.17857,0.514342,0,1,0,0,0,0.0,0.0,0.0,0.0,109.0,0.0,0.0,1.0,0,0,1,1,159991.0,151525.8,0.0,0.0,151525.8,0.0
1,137,60.0,4,1,171.0,14366.25,39.0,67.93333,0.5193474,0,1,0,0,0,0.0,0.0,0.0,0.0,171.0,0.0,0.0,1.0,0,0,1,1,301452.8,374024.8,0.0,0.0,374024.8,0.0
1,138,73.0,1,1,158.0,10635.22,41.0,55.75862,0.2240537,0,0,0,0,1,0.0,158.0,0.0,0.0,0.0,0.0,0.0,1.0,0,0,1,1,355949.2,329376.6,0.0,0.0,0.0,0.0
1,138,73.0,2,1,243.0,10040.91,37.0,52.67857,0.2629495,0,0,0,0,1,0.0,243.0,0.0,0.0,0.0,0.0,0.0,1.0,0,0,1,1,485020.8,448773.1,0.0,0.0,0.0,0.0
1,139,73.0,1,1,81.0,11197.92,48.0,54.48276,0.2405667,0,0,0,0,1,0.0,81.0,0.0,0.0,0.0,0.0,0.0,1.0,0,0,1,1,167582.3,170737.5,0.0,0.0,0.0,0.0
1,139,73.0,2,1,81.0,10947.83,48.0,53.75862,0.263469,0,0,0,0,1,0.0,81.0,0.0,0.0,0.0,0.0,0.0,1.0,0,0,1,1,158640.3,159070.8,0.0,0.0,0.0,0.0
1,139,73.0,3,1,81.0,10890.87,46.0,55.10345,0.246372,0,0,0,0,1,0.0,81.0,0.0,0.0,0.0,0.0,0.0,1.0,0,0,1,1,169885.5,156662.4,0.0,0.0,0.0,0.0
1,140,69.0,1,1,850.0,9796.956,29.0,85.42857,0.3089276,0,0,0,0,1,0.0,850.0,0.0,0.0,0.0,0.0,0.0,1.0,0,0,1,1,3011601.0,2638269.0,0.0,0.0,0.0,0.0
1,140,69.0,2,1,850.0,9783.637,28.0,89.64286,0.3058415,0,0,0,0,1,0.0,850.0,0.0,0.0,0.0,0.0,0.0,1.0,0,0,1,1,2395025.0,2761113.0,0.0,0.0,0.0,0.0
1,141,45.0,1,1,620.0,10029.57,30.0,76.39286,0.4112167,1,0,0,0,0,0.0,0.0,0.0,620.0,0.0,0.0,0.0,1.0,0,0,1,1,1926868.0,1666376.0,0.0,0.0,0.0,1666376.0
1,141,45.0,2,1,614.0,9732.608,30.0,77.5862,0.4187208,1,0,0,0,0,0.0,0.0,0.0,614.0,0.0,0.0,0.0,1.0,0,0,1,1,1848534.0,1634372.0,0.0,0.0,0.0,1634372.0
1,141,45.0,3,1,650.0,10134.17,22.0,77.86667,0.3639914,1,0,0,0,0,0.0,0.0,0.0,650.0,0.0,0.0,0.0,1.0,0,0,1,1,2175744.0,2019355.0,0.0,0.0,0.0,2019355.0
1,143,73.0,1,1,122.0,10859.58,45.0,58.41379,0.4365631,0,1,0,0,0,0.0,0.0,0.0,0.0,122.0,0.0,0.0,1.0,0,0,1,1,216623.9,226385.5,0.0,0.0,226385.5,0.0
1,143,73.0,2,1,125.0,13217.5,45.0,59.13793,0.4532213,0,0,0,0,1,0.0,125.0,0.0,0.0,0.0,0.0,0.0,1.0,0,0,1,1,233567.5,263782.8,0.0,0.0,0.0,0.0
1,143,73.0,3,1,175.0,10369.13,40.0,63.48276,0.3889639,0,0,0,0,1,0.0,175.0,0.0,0.0,0.0,0.0,0.0,1.0,0,0,1,1,367005.9,330651.3,0.0,0.0,0.0,0.0
1,143,73.0,4,1,175.0,10377.92,39.0,63.06667,0.3979709,0,0,0,0,1,0.0,175.0,0.0,0.0,0.0,0.0,0.0,1.0,0,0,1,1,407522.6,369040.7,0.0,0.0,0.0,0.0
1,145,69.0,1,1,850.0,9505.833,32.0,85.33334,0.2927929,1,0,0,0,0,0.0,0.0,0.0,850.0,0.0,0.0,0.0,1.0,0,0,1,1,2723389.0,2867150.0,0.0,0.0,0.0,2867150.0
1,145,69.0,2,1,850.0,9267.5,31.0,90.53333,0.2986867,1,0,0,0,0,0.0,0.0,0.0,850.0,0.0,0.0,0.0,1.0,0,0,1,1,2490454.0,2639960.0,0.0,0.0,0.0,2639960.0
1,146,60.0,1,1,98.0,12639.17,47.0,48.13334,0.4400319,0,0,1,0,0,0.0,0.0,98.0,0.0,0.0,0.0,0.0,1.0,0,0,1,1,170516.1,179600.1,0.0,179600.1,0.0,0.0
1,146,60.0,2,1,98.0,12234.17,41.0,54.93333,0.2987162,0,0,1,0,0,0.0,0.0,98.0,0.0,0.0,0.0,0.0,1.0,0,0,1,1,188663.3,170592.9,0.0,170592.9,0.0,0.0
1,146,60.0,3,1,137.0,48705.42,35.0,51.89655,0.4362579,0,0,0,1,0,137.0,0.0,0.0,0.0,0.0,0.0,0.0,1.0,0,0,1,1,262055.8,208124.5,0.0,0.0,0.0,0.0
1,147,68.0,1,1,321.0,8974.583,38.0,58.66667,0.3454174,0,0,0,0,1,0.0,321.0,0.0,0.0,0.0,0.0,0.0,1.0,0,0,1,1,844154.3,758425.9,0.0,0.0,0.0,0.0
1,147,68.0,2,1,378.0,8925.652,34.0,64.20689,0.3604951,0,0,0,0,1,0.0,378.0,0.0,0.0,0.0,0.0,0.0,1.0,0,0,1,1,1010434.0,1077374.0,0.0,0.0,0.0,0.0
1,147,68.0,3,1,749.0,19618.95,30.0,62.08333,0.287668,0,0,0,0,1,0.0,749.0,0.0,0.0,0.0,0.0,0.0,1.0,0,0,1,1,2189500.0,1978936.0,0.0,0.0,0.0,0.0
1,148,68.0,1,1,140.0,11527.92,45.0,36.06897,0.4106852,0,0,0,0,1,0.0,140.0,0.0,0.0,0.0,0.0,0.0,1.0,0,0,1,1,180204.9,210878.5,0.0,0.0,0.0,0.0
1,148,68.0,2,1,140.0,11523.91,43.0,37.96429,0.4094416,0,0,0,0,1,0.0,140.0,0.0,0.0,0.0,0.0,0.0,1.0,0,0,1,1,202290.6,191256.5,0.0,0.0,0.0,0.0
1,149,68.0,1,1,759.0,9506.521,27.0,72.17242,0.3780736,1,0,0,0,0,0.0,0.0,0.0,759.0,0.0,0.0,0.0,1.0,0,0,1,1,2166498.0,2257795.0,0.0,0.0,0.0,2257795.0
1,149,68.0,2,1,766.0,9488.261,26.0,80.06896,0.3287943,1,0,0,0,0,0.0,0.0,0.0,766.0,0.0,0.0,0.0,1.0,0,0,1,1,2392753.0,2237081.0,0.0,0.0,0.0,2237081.0
1,150,71.0,1,1,75.0,10326.96,50.0,95.55556,0.7878745,0,0,1,0,0,0.0,0.0,75.0,0.0,0.0,0.0,0.0,1.0,0,0,1,1,113533.0,59103.92,59103.92,0.0,0.0,0.0
1,150,71.0,3,1,75.0,10348.26,50.0,95.41666,0.898587,0,0,1,0,0,0.0,0.0,75.0,0.0,0.0,0.0,0.0,1.0,0,0,1,1,113533.0,59103.92,59103.92,0.0,0.0,0.0
1,150,71.0,5,1,83.0,11870.87,48.0,90.58334,0.4101129,0,0,0,0,1,0.0,83.0,0.0,0.0,0.0,0.0,0.0,1.0,0,0,1,1,126291.8,79352.03,0.0,0.0,0.0,0.0
1,150,71.0,6,1,128.0,15795.83,46.0,40.4,0.4201246,0,0,0,0,1,0.0,128.0,0.0,0.0,0.0,0.0,0.0,1.0,0,0,1,1,125572.9,141202.2,0.0,0.0,0.0,0.0
1,151,72.0,1,1,144.0,12696.96,45.0,58.58621,0.3588696,0,0,0,0,1,0.0,144.0,0.0,0.0,0.0,0.0,0.0,1.0,0,0,1,1,326606.8,268399.2,0.0,0.0,0.0,0.0
1,152,72.0,1,1,279.0,13239.17,39.0,57.37931,0.2860771,0,1,0,0,0,0.0,0.0,0.0,0.0,279.0,0.0,0.0,1.0,0,0,1,1,600006.2,612728.8,0.0,0.0,612728.8,0.0
1,152,72.0,2,1,302.0,12595.42,39.0,58.63334,0.2552256,0,1,0,0,0,0.0,0.0,0.0,0.0,302.0,0.0,0.0,1.0,0,0,1,1,549100.0,674517.1,0.0,0.0,674517.1,0.0
1,154,64.0,1,1,172.0,9864.348,41.0,67.31035,0.343625,0,1,0,0,0,0.0,0.0,0.0,0.0,172.0,0.0,0.0,1.0,0,0,1,1,382212.9,388691.8,0.0,0.0,388691.8,0.0
1,154,64.0,2,1,171.0,10450.42,40.0,67.36667,0.3718195,0,1,0,0,0,0.0,0.0,0.0,0.0,171.0,0.0,0.0,1.0,0,0,1,1,412504.9,370790.5,0.0,0.0,370790.5,0.0
1,155,64.0,1,1,530.0,10328.75,30.0,65.73333,0.433096,0,1,0,0,0,0.0,0.0,0.0,0.0,530.0,0.0,0.0,1.0,0,0,1,1,1561443.0,1254952.0,0.0,0.0,1254952.0,0.0
1,155,64.0,2,1,530.0,10279.57,29.0,58.13793,0.386086,0,0,0,0,1,0.0,530.0,0.0,0.0,0.0,0.0,0.0,1.0,0,0,1,1,846337.3,1107425.0,0.0,0.0,0.0,0.0
1,155,64.0,3,1,530.0,10358.7,28.0,67.06896,0.445583,0,1,0,0,0,0.0,0.0,0.0,0.0,530.0,0.0,0.0,1.0,0,0,1,1,914496.0,1320770.0,0.0,0.0,1320770.0,0.0
1,156,64.0,1,1,277.0,10520.83,36.0,65.39286,0.3620529,0,0,0,0,1,0.0,277.0,0.0,0.0,0.0,0.0,0.0,1.0,0,0,1,1,653214.4,432973.4,0.0,0.0,0.0,0.0
1,157,43.0,1,2,174.0,10382.5,39.0,63.03333,0.7473924,0,0,0,0,1,0.0,174.0,0.0,0.0,0.0,1.0,0.0,0.0,1,0,0,1,550491.2,451426.3,0.0,0.0,0.0,0.0
1,158,13.0,1,2,100.0,11497.08,48.0,38.16667,0.4062283,0,0,0,0,1,0.0,100.0,0.0,0.0,0.0,1.0,0.0,0.0,1,0,0,1,136334.9,138341.5,0.0,0.0,0.0,0.0
1,158,13.0,2,2,100.0,11708.33,48.0,41.03333,0.4128353,0,0,0,0,1,0.0,100.0,0.0,0.0,0.0,1.0,0.0,0.0,1,0,0,1,150943.0,166241.4,0.0,0.0,0.0,0.0
1,158,13.0,3,2,170.0,11147.5,41.0,44.56667,0.3555444,0,0,0,0,1,0.0,170.0,0.0,0.0,0.0,1.0,0.0,0.0,1,0,0,1,311946.6,286696.9,0.0,0.0,0.0,0.0
1,159,54.0,1,2,105.0,10707.83,37.0,75.75862,0.3740909,0,0,0,0,1,0.0,105.0,0.0,0.0,0.0,1.0,0.0,0.0,1,0,0,1,343013.4,296844.9,0.0,0.0,0.0,0.0
1,159,54.0,2,2,116.0,10096.67,35.0,68.86667,0.427936,0,0,0,0,1,0.0,116.0,0.0,0.0,0.0,1.0,0.0,0.0,1,0,0,1,345578.4,342638.8,0.0,0.0,0.0,0.0
1,159,54.0,3,2,175.0,10223.33,32.0,65.10345,0.3568282,0,0,0,0,1,0.0,175.0,0.0,0.0,0.0,1.0,0.0,0.0,1,0,0,1,504914.9,435701.8,0.0,0.0,0.0,0.0
1,160,54.0,1,2,125.0,9845.652,41.0,81.17857,0.3831679,0,0,0,0,1,0.0,125.0,0.0,0.0,0.0,1.0,0.0,0.0,1,0,0,1,394554.6,374430.1,0.0,0.0,0.0,0.0
1,160,54.0,2,2,125.0,10303.48,41.0,86.25,0.3794014,0,0,0,0,1,0.0,125.0,0.0,0.0,0.0,1.0,0.0,0.0,1,0,0,1,364284.5,395914.5,0.0,0.0,0.0,0.0
1,161,54.0,3,2,94.0,11142.08,44.0,81.36667,0.3478951,0,0,0,0,1,0.0,94.0,0.0,0.0,0.0,1.0,0.0,0.0,1,0,0,1,275379.1,280107.3,0.0,0.0,0.0,0.0
1,162,54.0,1,2,350.0,9397.5,29.0,74.03333,0.4429194,1,0,0,0,0,0.0,0.0,0.0,350.0,0.0,1.0,0.0,0.0,1,0,0,1,2125108.0,2028179.0,0.0,0.0,0.0,2028179.0
1,163,5.0,1,2,615.0,10639.09,26.0,81.39286,0.4578508,1,0,0,0,0,0.0,0.0,0.0,615.0,0.0,1.0,0.0,0.0,1,0,0,1,1845497.0,1756513.0,0.0,0.0,0.0,1756513.0
1,164,41.0,1,3,85.0,10821.74,33.0,68.48276,0.4520597,0,0,0,0,1,0.0,85.0,0.0,0.0,0.0,0.0,1.0,0.0,0,1,0,1,244292.5,230490.9,0.0,0.0,0.0,0.0
1,164,41.0,2,3,85.0,10666.96,33.0,65.68965,0.9017617,0,0,1,0,0,0.0,0.0,85.0,0.0,0.0,0.0,1.0,0.0,0,1,0,1,214033.7,233236.8,0.0,233236.8,0.0,0.0
1,165,41.0,1,3,153.0,11041.67,29.0,68.53333,0.4321585,0,0,0,0,1,0.0,153.0,0.0,0.0,0.0,0.0,1.0,0.0,0,1,0,1,343743.0,421706.1,0.0,0.0,0.0,0.0
1,165,41.0,2,3,153.0,11747.39,29.0,69.72414,0.4282665,0,0,0,0,1,0.0,153.0,0.0,0.0,0.0,0.0,1.0,0.0,0,1,0,1,387374.0,436071.4,0.0,0.0,0.0,0.0
1,166,53.0,1,3,246.0,9078.75,40.0,79.53333,0.7625533,1,0,0,0,0,0.0,0.0,0.0,246.0,0.0,0.0,1.0,0.0,0,1,0,1,832056.4,694458.4,0.0,0.0,0.0,694458.4
1,166,53.0,2,3,246.0,10918.26,40.0,76.82758,0.757997,1,0,0,0,0,0.0,0.0,0.0,246.0,0.0,0.0,1.0,0.0,0,1,0,1,749359.7,717348.3,0.0,0.0,0.0,717348.3
1,166,53.0,3,3,246.0,10671.82,40.0,66.64286,1.042428,1,0,0,0,0,0.0,0.0,0.0,246.0,0.0,0.0,1.0,0.0,0,1,0,1,736609.8,757195.5,0.0,0.0,0.0,757195.5
1,167,53.0,1,3,865.0,9257.5,32.0,82.37931,0.6478111,1,0,0,0,0,0.0,0.0,0.0,865.0,0.0,0.0,1.0,0.0,0,1,0,1,2581639.0,2864218.0,0.0,0.0,0.0,2864218.0
1,168,53.0,1,3,1231.0,10409.55,26.0,83.66666,0.8605446,1,0,0,0,0,0.0,0.0,0.0,1231.0,0.0,0.0,1.0,0.0,0,1,0,1,4226644.0,3229660.0,0.0,0.0,0.0,3229660.0
1,168,53.0,2,3,1224.0,11338.7,26.0,84.37931,0.5172632,1,0,0,0,0,0.0,0.0,0.0,1224.0,0.0,0.0,1.0,0.0,0,1,0,1,3592346.0,3341698.0,0.0,0.0,0.0,3341698.0
1,169,53.0,1,3,225.0,10180.83,43.0,88.53333,0.2943313,0,0,0,0,1,0.0,225.0,0.0,0.0,0.0,0.0,1.0,0.0,0,1,0,1,611871.3,802770.3,0.0,0.0,0.0,0.0
1,169,53.0,2,3,225.0,10250.0,42.0,84.23333,0.2962615,0,0,0,0,1,0.0,225.0,0.0,0.0,0.0,0.0,1.0,0.0,0,1,0,1,729773.6,732466.6,0.0,0.0,0.0,0.0
1,169,53.0,3,3,263.0,10099.57,40.0,82.79311,0.3045842,0,0,0,0,1,0.0,263.0,0.0,0.0,0.0,0.0,1.0,0.0,0,1,0,1,804419.8,832327.1,0.0,0.0,0.0,0.0
1,169,53.0,4,3,263.0,10105.83,40.0,79.83334,0.2920275,0,0,0,0,1,0.0,263.0,0.0,0.0,0.0,0.0,1.0,0.0,0,1,0,1,780780.1,769599.6,0.0,0.0,0.0,0.0
1,170,53.0,1,3,176.0,10063.33,44.0,82.76667,0.4071215,0,0,0,0,1,0.0,176.0,0.0,0.0,0.0,0.0,1.0,0.0,0,1,0,1,502330.4,522559.9,0.0,0.0,0.0,0.0
1,170,53.0,2,3,176.0,10115.83,44.0,82.26667,0.4071215,0,0,0,0,1,0.0,176.0,0.0,0.0,0.0,0.0,1.0,0.0,0,1,0,1,525191.3,486131.4,0.0,0.0,0.0,0.0
1,170,53.0,3,3,176.0,10309.58,43.0,86.96667,0.4138549,0,0,0,0,1,0.0,176.0,0.0,0.0,0.0,0.0,1.0,0.0,0,1,0,1,513348.4,540947.6,0.0,0.0,0.0,0.0
1,170,53.0,4,3,176.0,9875.417,42.0,86.6,0.4138549,0,0,0,0,1,0.0,176.0,0.0,0.0,0.0,0.0,1.0,0.0,0,1,0,1,538032.9,471330.0,0.0,0.0,0.0,0.0
1,171,53.0,1,3,107.0,13877.92,48.0,64.73333,0.4751722,0,0,0,0,1,0.0,107.0,0.0,0.0,0.0,0.0,1.0,0.0,0,1,0,1,283966.4,287136.0,0.0,0.0,0.0,0.0
1,171,53.0,2,3,141.0,10695.0,40.0,68.26667,0.474074,0,0,0,0,1,0.0,141.0,0.0,0.0,0.0,0.0,1.0,0.0,0,1,0,1,390384.1,346309.1,0.0,0.0,0.0,0.0
1,171,53.0,3,3,107.0,14001.3,48.0,65.17242,0.4751722,0,0,0,0,1,0.0,107.0,0.0,0.0,0.0,0.0,1.0,0.0,0,1,0,1,309757.1,295299.0,0.0,0.0,0.0,0.0
1,171,53.0,4,3,107.0,13710.43,47.0,66.86207,0.4748125,0,0,0,0,1,0.0,107.0,0.0,0.0,0.0,0.0,1.0,0.0,0,1,0,1,228181.9,278426.7,0.0,0.0,0.0,0.0
1,171,53.0,5,3,107.0,13675.42,47.0,68.63333,0.4732199,0,0,0,0,1,0.0,107.0,0.0,0.0,0.0,0.0,1.0,0.0,0,1,0,1,254687.0,296775.0,0.0,0.0,0.0,0.0
1,171,53.0,6,3,107.0,11776.67,47.0,72.13333,0.4753858,0,0,0,0,1,0.0,107.0,0.0,0.0,0.0,0.0,1.0,0.0,0,1,0,1,258629.2,314845.7,0.0,0.0,0.0,0.0
1,171,53.0,7,3,107.0,11742.92,46.0,72.7,0.4757966,0,0,0,0,1,0.0,107.0,0.0,0.0,0.0,0.0,1.0,0.0,0,1,0,1,275396.1,326427.2,0.0,0.0,0.0,0.0
1,171,53.0,8,3,141.0,10632.08,41.0,71.1,0.4751722,0,0,0,0,1,0.0,141.0,0.0,0.0,0.0,0.0,1.0,0.0,0,1,0,1,383802.2,391641.6,0.0,0.0,0.0,0.0
1,171,53.0,9,3,141.0,10696.25,40.0,73.66666,0.4750561,0,0,0,0,1,0.0,141.0,0.0,0.0,0.0,0.0,1.0,0.0,0,1,0,1,403240.3,370560.8,0.0,0.0,0.0,0.0
1,171,53.0,10,3,141.0,10745.42,40.0,76.13333,0.475346,0,0,0,0,1,0.0,141.0,0.0,0.0,0.0,0.0,1.0,0.0,0,1,0,1,322114.2,309285.9,0.0,0.0,0.0,0.0
1,172,53.0,1,3,136.0,10915.0,45.0,73.9,0.5395,1,0,0,0,0,0.0,0.0,0.0,136.0,0.0,0.0,1.0,0.0,0,1,0,1,426140.3,398406.6,0.0,0.0,0.0,398406.6
1,172,53.0,2,3,136.0,10982.08,45.0,78.56667,0.5404451,1,0,0,0,0,0.0,0.0,0.0,136.0,0.0,0.0,1.0,0.0,0,1,0,1,425436.8,391519.5,0.0,0.0,0.0,391519.5
1,172,53.0,3,3,136.0,11018.75,45.0,78.23333,0.5404913,1,0,0,0,0,0.0,0.0,0.0,136.0,0.0,0.0,1.0,0.0,0,1,0,1,423644.9,358768.7,0.0,0.0,0.0,358768.7
1,172,53.0,4,3,136.0,10945.83,45.0,77.9,0.5426954,1,0,0,0,0,0.0,0.0,0.0,136.0,0.0,0.0,1.0,0.0,0,1,0,1,423181.6,347009.7,0.0,0.0,0.0,347009.7
1,172,53.0,5,3,178.0,10910.83,44.0,84.26667,0.5364562,1,0,0,0,0,0.0,0.0,0.0,178.0,0.0,0.0,1.0,0.0,0,1,0,1,466337.7,516711.5,0.0,0.0,0.0,516711.5
1,172,53.0,6,3,178.0,10646.25,44.0,82.83334,0.4176846,1,0,0,0,0,0.0,0.0,0.0,178.0,0.0,0.0,1.0,0.0,0,1,0,1,478323.6,545178.6,0.0,0.0,0.0,545178.6
1,172,53.0,7,3,178.0,10571.67,44.0,76.53333,0.4240233,1,0,0,0,0,0.0,0.0,0.0,178.0,0.0,0.0,1.0,0.0,0,1,0,1,377168.3,475775.0,0.0,0.0,0.0,475775.0
1,172,53.0,8,3,178.0,10648.33,44.0,80.53333,0.419511,1,0,0,0,0,0.0,0.0,0.0,178.0,0.0,0.0,1.0,0.0,0,1,0,1,367102.7,464959.4,0.0,0.0,0.0,464959.4
1,172,53.0,9,3,178.0,10622.5,44.0,72.5,0.4255438,1,0,0,0,0,0.0,0.0,0.0,178.0,0.0,0.0,1.0,0.0,0,1,0,1,434372.1,538998.8,0.0,538998.8,0.0,538998.8
1,173,33.0,1,1,230.0,9326.667,41.0,71.06667,0.9996194,0,0,1,0,0,0.0,0.0,230.0,0.0,0.0,0.0,0.0,1.0,0,0,1,1,504516.0,539135.3,539135.3,0.0,0.0,0.0
1,173,33.0,2,1,230.0,9470.0,41.0,70.9,0.9974285,0,0,1,0,0,0.0,0.0,230.0,0.0,0.0,0.0,0.0,1.0,0,0,1,1,497983.8,565308.5,565308.5,0.0,0.0,0.0
1,173,33.0,3,1,230.0,9726.667,38.0,74.53333,1.192362,0,0,1,0,0,0.0,0.0,230.0,0.0,0.0,0.0,0.0,1.0,0,0,1,1,584787.6,630060.2,630060.2,0.0,0.0,0.0
1,174,33.0,1,1,90.0,13939.57,55.0,54.58621,0.4138917,0,0,0,0,1,0.0,90.0,0.0,0.0,0.0,0.0,0.0,1.0,0,0,1,1,158599.9,194284.5,0.0,0.0,0.0,0.0
1,174,33.0,3,1,235.0,10878.33,42.0,62.2,0.6048701,0,0,0,0,1,0.0,235.0,0.0,0.0,0.0,0.0,0.0,1.0,0,0,1,1,184994.7,510036.2,0.0,0.0,0.0,0.0
1,175,40.0,1,1,88.0,15841.67,50.0,42.8,0.3744561,0,0,0,0,1,0.0,88.0,0.0,0.0,0.0,0.0,0.0,1.0,0,0,1,1,104136.0,128061.5,0.0,0.0,0.0,0.0
1,175,40.0,2,1,88.0,13783.04,49.0,45.65517,0.4104611,0,0,0,0,1,0.0,88.0,0.0,0.0,0.0,0.0,0.0,1.0,0,0,1,1,113836.5,137219.4,0.0,0.0,0.0,0.0
1,175,40.0,3,1,102.0,12012.08,45.0,67.93333,0.3993168,0,0,0,0,1,0.0,102.0,0.0,0.0,0.0,0.0,0.0,1.0,0,0,1,1,167847.5,236676.6,0.0,0.0,0.0,0.0
1,175,40.0,4,1,102.0,11999.57,43.0,66.67857,0.4049646,0,0,0,0,1,0.0,102.0,0.0,0.0,0.0,0.0,0.0,1.0,0,0,1,1,197737.6,214234.2,0.0,0.0,0.0,0.0
1,175,40.0,5,1,102.0,10985.83,42.0,65.96667,0.3976797,0,0,0,0,1,0.0,102.0,0.0,0.0,0.0,0.0,0.0,1.0,0,0,1,1,152220.9,237609.7,0.0,0.0,0.0,0.0
1,176,36.0,1,1,71.0,12803.48,49.0,64.75862,0.7200347,0,0,0,0,1,0.0,71.0,0.0,0.0,0.0,0.0,0.0,1.0,0,0,1,1,195544.8,220001.6,0.0,0.0,0.0,0.0
1,176,36.0,2,1,156.0,10469.58,41.0,75.53333,0.6227908,0,1,0,0,0,0.0,0.0,0.0,0.0,156.0,0.0,0.0,1.0,0,0,1,1,425474.5,470379.0,0.0,0.0,470379.0,0.0
1,177,36.0,1,1,100.0,12693.75,47.0,57.37931,0.4284495,0,0,0,0,1,0.0,100.0,0.0,0.0,0.0,0.0,0.0,1.0,0,0,1,1,263641.3,206252.2,0.0,0.0,0.0,0.0
1,177,36.0,2,1,166.0,10644.35,39.0,75.31035,0.425989,1,0,0,0,0,0.0,0.0,0.0,166.0,0.0,0.0,0.0,1.0,0,0,1,1,542122.0,480650.6,0.0,0.0,0.0,480650.6
1,177,36.0,3,1,310.0,10270.91,35.0,75.32143,0.3431672,1,0,0,0,0,0.0,0.0,0.0,310.0,0.0,0.0,0.0,1.0,0,0,1,1,1036732.0,960626.8,0.0,0.0,0.0,960626.8
1,177,36.0,4,1,658.0,10532.73,30.0,75.82143,0.3664714,1,0,0,0,0,0.0,0.0,0.0,658.0,0.0,0.0,0.0,1.0,0,0,1,1,1889445.0,2087049.0,0.0,0.0,0.0,2087049.0
1,178,36.0,1,1,111.0,11388.33,46.0,81.56667,0.4153764,0,1,0,0,0,0.0,0.0,0.0,0.0,111.0,0.0,0.0,1.0,0,0,1,1,329527.3,357342.4,0.0,0.0,357342.4,0.0
1,178,36.0,2,1,111.0,11745.42,45.0,84.3,0.4042471,0,1,0,0,0,0.0,0.0,0.0,0.0,111.0,0.0,0.0,1.0,0,0,1,1,335302.5,331523.5,0.0,0.0,331523.5,0.0
1,178,36.0,3,1,156.0,10205.83,40.0,77.3,0.4403597,1,0,0,0,0,0.0,0.0,0.0,156.0,0.0,0.0,0.0,1.0,0,0,1,1,504809.1,466835.7,0.0,0.0,0.0,466835.7
1,178,36.0,4,1,217.0,10789.58,37.0,79.17242,0.4394818,1,0,0,0,0,0.0,0.0,0.0,217.0,0.0,0.0,0.0,1.0,0,0,1,1,706750.2,510017.8,0.0,0.0,0.0,510017.8
1,179,36.0,1,1,101.0,11031.43,44.0,66.51852,0.4367382,0,0,1,0,0,0.0,0.0,101.0,0.0,0.0,0.0,0.0,1.0,0,0,1,1,1835.67,142731.4,0.0,142731.4,0.0,0.0
1,179,36.0,2,1,221.0,10157.5,37.0,76.5862,0.3402876,0,0,0,0,1,0.0,221.0,0.0,0.0,0.0,0.0,0.0,1.0,0,0,1,1,16609.93,350867.5,0.0,0.0,0.0,0.0
1,180,36.0,1,1,159.0,10876.67,42.0,69.43333,0.4000355,0,1,0,0,0,0.0,0.0,0.0,0.0,159.0,0.0,0.0,1.0,0,0,1,1,472182.8,415827.3,0.0,0.0,415827.3,0.0
1,180,36.0,2,1,167.0,10794.58,40.0,72.3,0.3790335,0,1,0,0,0,0.0,0.0,0.0,0.0,167.0,0.0,0.0,1.0,0,0,1,1,464354.7,466385.3,0.0,0.0,466385.3,0.0
1,181,33.0,1,2,800.0,9719.583,28.0,65.43333,0.534945,1,0,0,0,0,0.0,0.0,0.0,800.0,0.0,1.0,0.0,0.0,1,0,0,1,2149514.0,2098012.0,0.0,0.0,0.0,2098012.0
1,181,33.0,2,2,800.0,9689.565,27.0,67.96552,0.4986115,1,0,0,0,0,0.0,0.0,0.0,800.0,0.0,1.0,0.0,0.0,1,0,0,1,2231005.0,2058321.0,0.0,0.0,0.0,2058321.0
1,181,33.0,3,2,1300.0,13663.04,26.0,59.75,0.6666212,1,0,0,0,0,0.0,0.0,0.0,1300.0,0.0,1.0,0.0,0.0,1,0,0,1,2690145.0,3245604.0,0.0,0.0,0.0,3245604.0
1,182,33.0,1,2,195.0,10093.75,46.0,66.26667,0.5563192,0,0,0,0,1,0.0,195.0,0.0,0.0,0.0,1.0,0.0,0.0,1,0,0,1,422132.1,546843.1,0.0,0.0,0.0,0.0
1,182,33.0,2,2,195.0,10146.67,46.0,69.4,1.236262,0,0,1,0,0,0.0,0.0,195.0,0.0,0.0,1.0,0.0,0.0,1,0,0,1,401908.3,506973.3,506973.3,0.0,0.0,0.0
1,183,15.0,1,2,145.0,9828.333,49.0,64.5,0.7256393,0,0,0,0,1,0.0,145.0,0.0,0.0,0.0,1.0,0.0,0.0,1,0,0,1,327129.9,345889.0,0.0,0.0,0.0,0.0
1,183,15.0,2,2,145.0,9810.417,49.0,62.66667,0.7134721,0,0,0,0,1,0.0,145.0,0.0,0.0,0.0,1.0,0.0,0.0,1,0,0,1,280375.9,340488.4,0.0,0.0,0.0,0.0
1,183,15.0,3,2,145.0,9810.833,48.0,67.53333,0.6835307,0,0,0,0,1,0.0,145.0,0.0,0.0,0.0,1.0,0.0,0.0,1,0,0,1,301757.8,349499.0,0.0,0.0,0.0,0.0
1,183,15.0,4,2,145.0,9832.083,47.0,69.96667,0.7301847,0,0,0,0,1,0.0,145.0,0.0,0.0,0.0,1.0,0.0,0.0,1,0,0,1,305111.1,342127.4,0.0,0.0,0.0,0.0
1,183,15.0,5,2,440.0,36946.25,39.0,63.48148,0.4010085,0,0,0,0,1,0.0,440.0,0.0,0.0,0.0,1.0,0.0,0.0,1,0,0,1,898203.1,935372.8,0.0,0.0,0.0,0.0
1,184,31.0,1,2,73.0,13227.5,47.0,41.3,0.6230454,0,0,0,0,1,0.0,73.0,0.0,0.0,0.0,1.0,0.0,0.0,1,0,0,1,45260.82,164009.7,0.0,0.0,0.0,0.0
1,184,31.0,2,2,73.0,15139.17,47.0,41.89655,0.6141809,0,0,0,0,1,0.0,73.0,0.0,0.0,0.0,1.0,0.0,0.0,1,0,0,1,45098.92,159235.0,0.0,0.0,0.0,0.0
1,184,31.0,3,2,137.0,11505.65,45.0,66.86207,0.3802223,0,0,0,0,1,0.0,137.0,0.0,0.0,0.0,1.0,0.0,0.0,1,0,0,1,181885.6,376237.7,0.0,0.0,0.0,0.0
1,185,64.0,1,2,552.0,9826.667,32.0,79.66666,0.6421627,0,1,0,0,0,0.0,0.0,0.0,0.0,552.0,1.0,0.0,0.0,1,0,0,1,1807817.0,1494901.0,0.0,0.0,1494901.0,0.0
1,185,64.0,2,2,555.0,9163.479,31.0,79.34483,0.945132,0,1,0,0,0,0.0,0.0,0.0,0.0,555.0,1.0,0.0,0.0,1,0,0,1,1630877.0,1605925.0,0.0,0.0,1605925.0,0.0
1,186,64.0,1,2,640.0,10766.96,27.0,80.10345,0.4740134,1,0,0,0,0,0.0,0.0,0.0,640.0,0.0,1.0,0.0,0.0,1,0,0,1,1987332.0,1787055.0,0.0,0.0,0.0,1787055.0
1,186,64.0,2,2,642.0,10692.92,26.0,78.24138,0.473132,1,0,0,0,0,0.0,0.0,0.0,642.0,0.0,1.0,0.0,0.0,1,0,0,1,1633035.0,1682407.0,0.0,0.0,0.0,1682407.0
1,186,64.0,3,2,651.0,10772.17,25.0,80.62069,0.4764042,1,0,0,0,0,0.0,0.0,0.0,651.0,0.0,1.0,0.0,0.0,1,0,0,1,2019465.0,1498288.0,0.0,0.0,0.0,1498288.0
1,187,31.0,1,2,46.0,14829.09,56.0,29.03572,0.8658535,0,0,0,0,1,0.0,46.0,0.0,0.0,0.0,1.0,0.0,0.0,1,0,0,1,3657.36,27858.92,0.0,0.0,0.0,0.0
1,187,31.0,2,2,91.0,12851.74,48.0,46.7931,0.6637753,0,0,0,0,1,0.0,91.0,0.0,0.0,0.0,1.0,0.0,0.0,1,0,0,1,32629.45,162195.8,0.0,0.0,0.0,0.0
1,188,31.0,1,2,54.0,13850.83,50.0,65.43333,0.6694248,0,0,0,1,0,54.0,0.0,0.0,0.0,0.0,1.0,0.0,0.0,1,0,0,1,40588.78,130049.9,130049.9,0.0,0.0,0.0
1,188,31.0,2,2,181.0,11024.78,39.0,63.06897,1.217746,0,0,0,1,0,181.0,0.0,0.0,0.0,0.0,1.0,0.0,0.0,1,0,0,1,46198.58,359604.2,0.0,0.0,0.0,0.0
1,189,15.0,1,2,200.0,9536.521,41.0,77.17242,1.162548,0,0,0,0,1,0.0,200.0,0.0,0.0,0.0,1.0,0.0,0.0,1,0,0,1,490312.8,492802.4,0.0,0.0,0.0,0.0
1,189,15.0,2,2,200.0,9492.174,41.0,68.65517,1.124513,0,0,0,0,1,0.0,200.0,0.0,0.0,0.0,1.0,0.0,0.0,1,0,0,1,370314.8,492786.5,0.0,0.0,0.0,0.0
1,189,15.0,3,2,200.0,9514.546,40.0,73.42857,1.135014,0,0,0,0,1,0.0,200.0,0.0,0.0,0.0,1.0,0.0,0.0,1,0,0,1,508507.6,530341.2,0.0,0.0,0.0,0.0
1,190,15.0,1,2,800.0,9453.637,28.0,66.39286,0.5515952,1,0,0,0,0,0.0,0.0,0.0,800.0,0.0,1.0,0.0,0.0,1,0,0,1,1796492.0,1958904.0,0.0,0.0,0.0,1958904.0
1,190,15.0,2,2,800.0,9447.5,28.0,66.3,0.5463417,1,0,0,0,0,0.0,0.0,0.0,800.0,0.0,1.0,0.0,0.0,1,0,0,1,1424638.0,2093702.0,0.0,0.0,0.0,2093702.0
1,191,36.0,1,2,524.0,10473.48,34.0,81.68965,0.6544258,1,0,0,0,0,0.0,0.0,0.0,524.0,0.0,1.0,0.0,0.0,1,0,0,1,1622484.0,1636898.0,0.0,0.0,0.0,1636898.0
1,191,36.0,2,2,524.0,10350.95,33.0,88.7037,0.6102324,1,0,0,0,0,0.0,0.0,0.0,524.0,0.0,1.0,0.0,0.0,1,0,0,1,1735891.0,1804501.0,0.0,0.0,0.0,1804501.0
1,191,36.0,3,2,521.0,11096.67,26.0,78.4,0.6316557,1,0,0,0,0,0.0,0.0,0.0,521.0,0.0,1.0,0.0,0.0,1,0,0,1,1588898.0,1451464.0,0.0,0.0,0.0,1451464.0
1,192,4.0,1,3,50.0,14783.75,17.0,70.2,0.4873435,0,0,1,0,0,0.0,0.0,50.0,0.0,0.0,0.0,1.0,0.0,0,1,0,1,156125.0,154031.3,0.0,154031.3,0.0,0.0
1,193,27.0,1,2,642.0,10688.75,21.0,86.76667,0.2531931,1,0,0,0,0,0.0,0.0,0.0,642.0,0.0,1.0,0.0,0.0,1,0,0,1,2016834.0,2225185.0,0.0,0.0,0.0,2225185.0
1,193,27.0,2,2,642.0,11130.42,14.0,88.43333,0.2600189,1,0,0,0,0,0.0,0.0,0.0,642.0,0.0,1.0,0.0,0.0,1,0,0,1,2273628.0,2240835.0,0.0,0.0,0.0,2240835.0
1,193,27.0,3,2,701.0,10503.33,10.0,85.66666,0.3001083,1,0,0,0,0,0.0,0.0,0.0,701.0,0.0,1.0,0.0,0.0,1,0,0,1,2437579.0,2310496.0,0.0,0.0,0.0,2310496.0
1,193,27.0,4,2,701.0,10340.0,8.0,91.53333,0.3225986,1,0,0,0,0,0.0,0.0,0.0,701.0,0.0,1.0,0.0,0.0,1,0,0,1,2425514.0,2204202.0,0.0,0.0,0.0,2204202.0
1,194,64.0,1,2,639.0,10597.83,20.0,71.89655,0.3643498,1,0,0,0,0,0.0,0.0,0.0,639.0,0.0,1.0,0.0,0.0,1,0,0,1,1314872.0,1700785.0,0.0,0.0,0.0,1700785.0
1,194,64.0,2,2,639.0,9677.728,19.0,77.46429,0.3360861,1,0,0,0,0,0.0,0.0,0.0,639.0,0.0,1.0,0.0,0.0,1,0,0,1,1661773.0,1690211.0,0.0,0.0,0.0,1690211.0
1,195,16.0,1,2,366.0,10935.83,23.0,69.36667,0.5498343,1,0,0,0,0,0.0,0.0,0.0,366.0,0.0,1.0,0.0,0.0,1,0,0,1,948817.6,759564.5,0.0,0.0,0.0,759564.5
1,196,67.0,1,1,555.0,11506.67,22.0,68.7,0.1793634,0,0,0,0,1,0.0,555.0,0.0,0.0,0.0,0.0,0.0,1.0,0,0,1,1,1376225.0,1421703.0,0.0,0.0,0.0,0.0
1,196,67.0,2,1,555.0,10860.83,17.0,65.23333,0.3751528,0,0,0,0,1,0.0,555.0,0.0,0.0,0.0,0.0,0.0,1.0,0,0,1,1,1501464.0,1493557.0,0.0,0.0,0.0,0.0
1,197,37.0,1,2,600.0,10636.52,18.0,81.17242,0.3638319,1,0,0,0,0,0.0,0.0,0.0,600.0,0.0,1.0,0.0,0.0,1,0,0,1,1754521.0,1644755.0,0.0,0.0,0.0,1644755.0
1,198,37.0,1,2,1300.0,9983.75,8.0,81.23333,0.4772417,1,0,0,0,0,0.0,0.0,0.0,1300.0,0.0,1.0,0.0,0.0,1,0,0,1,4311252.0,4006369.0,0.0,0.0,0.0,4006369.0
1,199,37.0,1,2,600.0,10592.92,17.0,87.7,0.5189806,1,0,0,0,0,0.0,0.0,0.0,600.0,0.0,1.0,0.0,0.0,1,0,0,1,1859231.0,1846211.0,0.0,0.0,0.0,1846211.0
1,200,32.0,1,2,625.0,11421.67,15.0,83.26667,0.2956437,0,0,0,0,1,0.0,625.0,0.0,0.0,0.0,1.0,0.0,0.0,1,0,0,1,1759924.0,1909102.0,0.0,0.0,0.0,0.0
1,200,32.0,2,2,635.0,11062.08,14.0,81.03333,0.2590143,0,0,0,0,1,0.0,635.0,0.0,0.0,0.0,1.0,0.0,0.0,1,0,0,1,1963140.0,1608742.0,0.0,0.0,0.0,0.0
1,201,14.0,1,3,325.0,10308.33,22.0,77.03333,0.4010972,1,0,0,0,0,0.0,0.0,0.0,325.0,0.0,0.0,1.0,0.0,0,1,0,1,353994.5,880487.0,0.0,0.0,0.0,880487.0
1,201,14.0,2,3,525.0,12160.43,18.0,80.31035,0.4020626,1,0,0,0,0,0.0,0.0,0.0,525.0,0.0,0.0,1.0,0.0,0,1,0,1,1588765.0,1648660.0,0.0,0.0,0.0,1648660.0
1,202,2.0,1,2,512.0,10484.78,9.0,83.72414,0.387542,1,0,0,0,0,0.0,0.0,0.0,512.0,0.0,1.0,0.0,0.0,1,0,0,1,1724039.0,1449475.0,0.0,0.0,0.0,1449475.0
1,203,75.0,1,1,684.0,9887.5,15.0,84.06667,0.1516157,0,0,0,0,1,0.0,684.0,0.0,0.0,0.0,0.0,0.0,1.0,0,0,1,1,2401546.0,2275220.0,0.0,0.0,0.0,0.0
1,204,11.0,1,2,431.0,11907.5,23.0,64.44827,0.8435117,1,0,0,0,0,0.0,0.0,0.0,431.0,0.0,1.0,0.0,0.0,1,0,0,1,1140324.0,999170.9,0.0,0.0,0.0,999170.9
1,204,11.0,2,2,472.0,11863.33,20.0,73.53333,0.2458999,0,0,0,0,1,0.0,472.0,0.0,0.0,0.0,1.0,0.0,0.0,1,0,0,1,1330666.0,1305424.0,0.0,0.0,0.0,0.0
1,204,11.0,3,2,361.0,11624.78,16.0,66.37931,0.3705156,0,0,1,0,0,0.0,0.0,361.0,0.0,0.0,1.0,0.0,0.0,1,0,0,1,972702.1,966391.3,0.0,966391.3,0.0,0.0
1,204,11.0,4,2,361.0,11171.25,13.0,72.43333,0.3459527,0,0,1,0,0,0.0,0.0,361.0,0.0,0.0,1.0,0.0,0.0,1,0,0,1,967792.5,1007928.0,0.0,1007928.0,0.0,0.0
1,205,8.0,1,2,780.0,11996.67,23.0,75.27586,0.3227458,1,0,0,0,0,0.0,0.0,0.0,780.0,0.0,1.0,0.0,0.0,1,0,0,1,2570396.0,2212203.0,0.0,0.0,0.0,2212203.0
1,205,8.0,2,2,780.0,9706.521,22.0,73.24138,0.293902,1,0,0,0,0,0.0,0.0,0.0,780.0,0.0,1.0,0.0,0.0,1,0,0,1,2539699.0,2559985.0,0.0,0.0,0.0,2559985.0
1,205,8.0,3,2,800.0,9845.0,19.0,75.44827,0.3456382,1,0,0,0,0,0.0,0.0,0.0,800.0,0.0,1.0,0.0,0.0,1,0,0,1,2742899.0,2491266.0,0.0,0.0,0.0,2491266.0
1,206,7.0,1,2,630.0,10880.0,23.0,74.2,0.46371,1,0,0,0,0,0.0,0.0,0.0,630.0,0.0,1.0,0.0,0.0,1,0,0,1,1429649.0,1709430.0,0.0,0.0,0.0,1709430.0
1,206,7.0,2,2,630.0,11160.83,24.0,68.9,0.4631117,1,0,0,0,0,0.0,0.0,0.0,630.0,0.0,1.0,0.0,0.0,1,0,0,1,1822949.0,1702055.0,0.0,0.0,0.0,1702055.0
1,206,7.0,3,2,630.0,10400.0,21.0,71.36667,0.4502856,1,0,0,0,0,0.0,0.0,0.0,630.0,0.0,1.0,0.0,0.0,1,0,0,1,1931676.0,1737001.0,0.0,0.0,0.0,1737001.0
1,206,7.0,4,2,622.0,10593.33,20.0,77.96667,0.4227515,1,0,0,0,0,0.0,0.0,0.0,622.0,0.0,1.0,0.0,0.0,1,0,0,1,1951817.0,1980342.0,0.0,0.0,0.0,1980342.0
1,206,7.0,5,2,619.0,9381.667,17.0,83.7,0.4672472,1,0,0,0,0,0.0,0.0,0.0,619.0,0.0,1.0,0.0,0.0,1,0,0,1,1888938.0,1764896.0,0.0,0.0,0.0,1764896.0
1,207,3.0,1,2,250.0,10238.33,20.0,71.86667,0.4213854,1,0,0,0,0,0.0,0.0,0.0,250.0,0.0,1.0,0.0,0.0,1,0,0,1,614949.8,668946.4,0.0,0.0,0.0,668946.4
1,207,3.0,2,2,250.0,11365.0,13.0,71.26667,0.4714493,1,0,0,0,0,0.0,0.0,0.0,250.0,0.0,1.0,0.0,0.0,1,0,0,1,598049.8,682929.5,0.0,0.0,0.0,682929.5
1,208,38.0,1,2,1300.0,11256.25,15.0,78.8,0.4063232,0,0,0,0,1,0.0,1300.0,0.0,0.0,0.0,1.0,0.0,0.0,1,0,0,1,3976540.0,3777583.0,0.0,0.0,0.0,0.0
1,208,38.0,2,2,1300.0,10991.67,10.0,77.9,0.4032708,0,0,0,0,1,0.0,1300.0,0.0,0.0,0.0,1.0,0.0,0.0,1,0,0,1,3371743.0,3969063.0,0.0,0.0,0.0,0.0
1,209,20.0,1,3,507.0,11854.58,16.0,77.33334,0.4021702,1,0,0,0,0,0.0,0.0,0.0,507.0,0.0,0.0,1.0,0.0,0,1,0,1,1478415.0,1451830.0,0.0,0.0,0.0,1451830.0
1,209,20.0,2,3,493.0,12138.75,17.0,79.36667,0.3680986,1,0,0,0,0,0.0,0.0,0.0,493.0,0.0,0.0,1.0,0.0,0,1,0,1,915523.9,1346699.0,0.0,0.0,0.0,1346699.0
1,210,41.0,1,3,295.0,10160.83,24.0,74.16666,0.4038648,1,0,0,0,0,0.0,0.0,0.0,295.0,0.0,0.0,1.0,0.0,0,1,0,1,872533.6,818947.3,0.0,0.0,0.0,818947.3
1,210,41.0,2,3,295.0,11147.08,22.0,74.16666,0.5390814,1,0,0,0,0,0.0,0.0,0.0,295.0,0.0,0.0,1.0,0.0,0,1,0,1,832905.9,818913.6,0.0,0.0,0.0,818913.6
1,210,41.0,3,3,295.0,11408.7,19.0,75.13793,0.5763639,1,0,0,0,0,0.0,0.0,0.0,295.0,0.0,0.0,1.0,0.0,0,1,0,1,838286.8,786497.5,0.0,0.0,0.0,786497.5
1,210,41.0,4,3,270.0,11470.0,18.0,77.73333,0.5663762,1,0,0,0,0,0.0,0.0,0.0,270.0,0.0,0.0,1.0,0.0,0,1,0,1,835586.4,789115.8,0.0,0.0,0.0,789115.8
1,211,43.0,1,2,745.0,11916.25,16.0,70.36667,0.4386523,1,0,0,0,0,0.0,0.0,0.0,745.0,0.0,1.0,0.0,0.0,1,0,0,1,2054297.0,1982362.0,0.0,0.0,0.0,1982362.0
1,212,33.0,1,2,1300.0,9584.583,19.0,67.73333,0.496639,1,0,0,0,0,0.0,0.0,0.0,1300.0,0.0,1.0,0.0,0.0,1,0,0,1,4103503.0,4190507.0,0.0,0.0,0.0,4190507.0
1,213,61.0,1,2,231.0,10990.42,20.0,85.13333,0.4453676,1,0,0,0,0,0.0,0.0,0.0,231.0,0.0,1.0,0.0,0.0,1,0,0,1,723759.4,719252.5,0.0,0.0,0.0,719252.5
1,213,61.0,2,2,233.0,11318.33,18.0,81.86667,0.4124743,1,0,0,0,0,0.0,0.0,0.0,233.0,0.0,1.0,0.0,0.0,1,0,0,1,714863.2,692166.6,0.0,0.0,0.0,692166.6
1,214,49.0,1,2,136.0,10382.08,39.0,95.3,0.6770695,0,0,0,0,1,0.0,136.0,0.0,0.0,0.0,1.0,0.0,0.0,1,0,0,1,471596.8,450847.5,0.0,0.0,0.0,0.0
1,214,49.0,2,2,136.0,10429.58,35.0,93.7,0.6754028,0,0,0,0,1,0.0,136.0,0.0,0.0,0.0,1.0,0.0,0.0,1,0,0,1,466479.0,444482.0,0.0,0.0,0.0,0.0
1,214,49.0,3,2,130.0,10451.67,34.0,91.56667,0.6515241,0,0,1,0,0,0.0,0.0,130.0,0.0,0.0,1.0,0.0,0.0,1,0,0,1,453367.6,442923.4,0.0,442923.4,0.0,0.0
1,214,49.0,4,2,285.0,12313.48,29.0,76.86207,0.4092864,1,0,0,0,0,0.0,0.0,0.0,285.0,0.0,1.0,0.0,0.0,1,0,0,1,912492.9,925867.3,0.0,0.0,0.0,925867.3
1,215,61.0,1,2,420.0,12177.5,15.0,84.03333,0.4313722,1,0,0,0,0,0.0,0.0,0.0,420.0,0.0,1.0,0.0,0.0,1,0,0,1,1342704.0,1387545.0,0.0,0.0,0.0,1387545.0
1,216,54.0,1,2,410.0,10621.25,3.0,87.26667,0.2585215,0,0,0,0,1,0.0,410.0,0.0,0.0,0.0,1.0,0.0,0.0,1,0,0,1,1480037.0,1288163.0,0.0,0.0,0.0,0.0
1,217,36.0,1,1,441.0,10835.83,4.0,87.26667,0.2894695,0,1,0,0,0,0.0,0.0,0.0,0.0,441.0,0.0,0.0,1.0,0,0,1,1,1374340.0,1411159.0,0.0,0.0,1411159.0,0.0
1,217,36.0,2,1,441.0,11124.17,3.0,88.5,0.2863069,0,1,0,0,0,0.0,0.0,0.0,0.0,441.0,0.0,0.0,1.0,0,0,1,1,1444364.0,1420062.0,0.0,0.0,1420062.0,0.0
1,220,13.0,1,2,1120.0,9132.5,25.0,73.4,0.9069925,1,0,0,0,0,0.0,0.0,0.0,1120.0,0.0,1.0,0.0,0.0,1,0,0,1,2089516.0,2741174.0,0.0,0.0,0.0,2741174.0
1,220,13.0,2,2,1120.0,9444.167,24.0,81.2,0.5327954,1,0,0,0,0,0.0,0.0,0.0,1120.0,0.0,1.0,0.0,0.0,1,0,0,1,3221656.0,3394546.0,0.0,0.0,0.0,3394546.0
1,221,15.0,1,2,1300.0,10803.04,25.0,72.44827,0.5896639,1,0,0,0,0,0.0,0.0,0.0,1300.0,0.0,1.0,0.0,0.0,1,0,0,1,3733855.0,3824725.0,0.0,0.0,0.0,3824725.0
1,221,15.0,2,2,1300.0,11007.5,24.0,73.89655,0.9460344,1,0,0,0,0,0.0,0.0,0.0,1300.0,0.0,1.0,0.0,0.0,1,0,0,1,4142584.0,3872853.0,0.0,0.0,0.0,3872853.0
1,222,60.0,1,1,562.0,11142.92,29.0,62.33333,0.3124785,1,0,0,0,0,0.0,0.0,0.0,562.0,0.0,0.0,0.0,1.0,0,0,1,1,872626.9,1506804.0,0.0,0.0,0.0,1506804.0
1,231,58.0,1,1,262.0,9696.154,6.0,79.21053,0.1388,1,0,0,0,0,0.0,0.0,0.0,262.0,0.0,0.0,0.0,1.0,0,0,1,1,619610.8,740421.9,0.0,0.0,0.0,0.0
1,234,55.0,1,1,28.98426,18598.0,12.0,45.52941,0.46527,0,0,1,0,0,0.0,0.0,28.98426,0.0,0.0,0.0,0.0,1.0,0,0,1,1,45922.33,52903.06,0.0,52903.06,0.0,0.0
1,234,55.0,2,1,98.45447,17240.91,12.0,69.83334,0.76463,0,0,1,0,0,0.0,0.0,98.45447,0.0,0.0,0.0,0.0,1.0,0,0,1,1,275981.7,331892.5,0.0,331892.5,0.0,0.0
1,250,57.0,1,1,237.8,,3.0,67.45454,0.3896875,0,0,1,0,0,,,,,,0.0,0.0,1.0,0,0,1,1,646145.8,313800.7,0.0,313800.7,0.0,0.0
